-- phpMyAdmin SQL Dump
-- version 4.0.4
-- http://www.phpmyadmin.net
--
-- Machine: localhost
-- Genereertijd: 23 mei 2014 om 22:02
-- Serverversie: 5.6.12-log
-- PHP-versie: 5.4.12

SET SQL_MODE = "NO_AUTO_VALUE_ON_ZERO";
SET time_zone = "+00:00";


/*!40101 SET @OLD_CHARACTER_SET_CLIENT=@@CHARACTER_SET_CLIENT */;
/*!40101 SET @OLD_CHARACTER_SET_RESULTS=@@CHARACTER_SET_RESULTS */;
/*!40101 SET @OLD_COLLATION_CONNECTION=@@COLLATION_CONNECTION */;
/*!40101 SET NAMES utf8 */;

--
-- Databank: `rentmytools`
--
CREATE DATABASE IF NOT EXISTS `rentmytools` DEFAULT CHARACTER SET utf8 COLLATE utf8_general_ci;
USE `rentmytools`;

-- --------------------------------------------------------

--
-- Tabelstructuur voor tabel `categories`
--

CREATE TABLE IF NOT EXISTS `categories` (
  `id` int(11) NOT NULL AUTO_INCREMENT,
  `name` varchar(45) NOT NULL,
  PRIMARY KEY (`id`)
) ENGINE=InnoDB  DEFAULT CHARSET=utf8 AUTO_INCREMENT=8 ;

--
-- Gegevens worden uitgevoerd voor tabel `categories`
--

INSERT INTO `categories` (`id`, `name`) VALUES
(1, 'Cleaning'),
(2, 'Cutting and abrasive'),
(3, 'Forestry and gardening'),
(4, 'Hand'),
(5, 'Machine and metalworking'),
(6, 'Measuring and alignment'),
(7, 'Power');

-- --------------------------------------------------------

--
-- Tabelstructuur voor tabel `cities`
--

CREATE TABLE IF NOT EXISTS `cities` (
  `id` int(11) NOT NULL AUTO_INCREMENT,
  `code` varchar(4) NOT NULL,
  `name` varchar(45) NOT NULL,
  `province` int(11) NOT NULL,
  PRIMARY KEY (`id`),
  KEY `fk_cities_provinces1_idx` (`province`)
) ENGINE=InnoDB  DEFAULT CHARSET=utf8 AUTO_INCREMENT=14297 ;

--
-- Gegevens worden uitgevoerd voor tabel `cities`
--

INSERT INTO `cities` (`id`, `code`, `name`, `province`) VALUES
(1, '2000', 'Antwerpen', 1),
(2, '2018', 'Antwerpen', 1),
(3, '2020', 'Antwerpen', 1),
(4, '2030', 'Antwerpen', 1),
(5, '2040', 'Antwerpen', 1),
(6, '2040', 'Berendrecht', 1),
(7, '2040', 'Lillo', 1),
(8, '2040', 'Zandvliet', 1),
(9, '2050', 'Antwerpen', 1),
(10, '2060', 'Antwerpen', 1),
(11, '2100', 'Deurne', 1),
(12, '2140', 'Borgerhout', 1),
(13, '2170', 'Merksem', 1),
(14, '2180', 'Ekeren', 1),
(15, '2600', 'Berchem', 1),
(16, '2610', 'Wilrijk', 1),
(17, '2660', 'Hoboken', 1),
(18, '2070', 'Burcht', 1),
(19, '2070', 'Zwijndrecht', 1),
(20, '2110', 'Wijnegem', 1),
(21, '2150', 'Borsbeek', 1),
(22, '2160', 'Wommelgem', 1),
(23, '2200', 'Herentals', 1),
(24, '2200', 'Morkhoven', 1),
(25, '2200', 'Noorderwijk', 1),
(26, '2220', 'Hallaar', 1),
(27, '2220', 'Heist-op-den-Berg', 1),
(28, '2221', 'Booischot', 1),
(29, '2222', 'Itegem', 1),
(30, '2222', 'Wiekevorst', 1),
(31, '2223', 'Schriek', 1),
(32, '2230', 'Herselt', 1),
(33, '2230', 'Ramsel', 1),
(34, '2235', 'Houtvenne', 1),
(35, '2235', 'Hulshout', 1),
(36, '2235', 'Westmeerbeek', 1),
(37, '2240', 'Massenhoven', 1),
(38, '2240', 'Viersel', 1),
(39, '2240', 'Zandhoven', 1),
(40, '2242', 'Pulderbos', 1),
(41, '2243', 'Pulle', 1),
(42, '2250', 'Olen', 1),
(43, '2260', 'Oevel', 1),
(44, '2260', 'Tongerlo', 1),
(45, '2260', 'Westerlo', 1),
(46, '2260', 'Zoerle-Parwijs', 1),
(47, '2270', 'Herenthout', 1),
(48, '2275', 'Gierle', 1),
(49, '2275', 'Lille', 1),
(50, '2275', 'Poederlee', 1),
(51, '2275', 'Wechelderzande', 1),
(52, '2280', 'Grobbendonk', 1),
(53, '2288', 'Bouwel', 1),
(54, '2290', 'Vorselaar', 1),
(55, '2300', 'Turnhout', 1),
(56, '2310', 'Rijkevorsel', 1),
(57, '2320', 'Hoogstraten', 1),
(58, '2321', 'Meer', 1),
(59, '2322', 'Minderhout', 1),
(60, '2323', 'Wortel', 1),
(61, '2328', 'Meerle', 1),
(62, '2330', 'Merksplas', 1),
(63, '2340', 'Beerse', 1),
(64, '2340', 'Vlimmeren', 1),
(65, '2350', 'Vosselaar', 1),
(66, '2360', 'Oud-Turnhout', 1),
(67, '2370', 'Arendonk', 1),
(68, '2380', 'Ravels', 1),
(69, '2381', 'Weelde', 1),
(70, '2382', 'Poppel', 1),
(71, '2387', 'Baarle-Hertog', 1),
(72, '2390', 'Malle', 1),
(73, '2390', 'Oostmalle', 1),
(74, '2390', 'Westmalle', 1),
(75, '2400', 'Mol', 1),
(76, '2430', 'Eindhout', 1),
(77, '2430', 'Laakdal', 1),
(78, '2430', 'Vorst, Kempen', 1),
(79, '2431', 'Varendonk', 1),
(80, '2431', 'Veerle', 1),
(81, '2440', 'Geel', 1),
(82, '2450', 'Meerhout', 1),
(83, '2460', 'Kasterlee', 1),
(84, '2460', 'Lichtaart', 1),
(85, '2460', 'Tielen', 1),
(86, '2470', 'Retie', 1),
(87, '2480', 'Dessel', 1),
(88, '2490', 'Balen', 1),
(89, '2491', 'Olmen', 1),
(90, '2500', 'Koningshooikt', 1),
(91, '2500', 'Lier', 1),
(92, '2520', 'Broechem', 1),
(93, '2520', 'Emblem', 1),
(94, '2520', 'Oelegem', 1),
(95, '2520', 'Ranst', 1),
(96, '2530', 'Boechout', 1),
(97, '2531', 'Vremde', 1),
(98, '2540', 'Hove', 1),
(99, '2547', 'Lint', 1),
(100, '2550', 'Kontich', 1),
(101, '2550', 'Waarloos', 1),
(102, '2560', 'Bevel', 1),
(103, '2560', 'Kessel', 1),
(104, '2560', 'Nijlen', 1),
(105, '2570', 'Duffel', 1),
(106, '2580', 'Beerzel', 1),
(107, '2580', 'Putte', 1),
(108, '2590', 'Berlaar', 1),
(109, '2590', 'Gestel', 1),
(110, '2620', 'Hemiksem', 1),
(111, '2627', 'Schelle', 1),
(112, '2630', 'Aartselaar', 1),
(113, '2640', 'Mortsel', 1),
(114, '2650', 'Edegem', 1),
(115, '2800', 'Mechelen', 1),
(116, '2800', 'Walem', 1),
(117, '2801', 'Heffen', 1),
(118, '2811', 'Hombeek', 1),
(119, '2811', 'Leest', 1),
(120, '2812', 'Muizen (Mechelen)', 1),
(121, '2820', 'Bonheiden', 1),
(122, '2820', 'Rijmenam', 1),
(123, '2830', 'Blaasveld', 1),
(124, '2830', 'Heindonk', 1),
(125, '2830', 'Tisselt', 1),
(126, '2830', 'Willebroek', 1),
(127, '2840', 'Reet', 1),
(128, '2840', 'Rumst', 1),
(129, '2840', 'Terhagen', 1),
(130, '2845', 'Niel', 1),
(131, '2850', 'Boom', 1),
(132, '2860', 'Sint-Katelijne-Waver', 1),
(133, '2861', 'Onze-Lieve-Vrouw-Waver', 1),
(134, '2870', 'Breendonk', 1),
(135, '2870', 'Liezele', 1),
(136, '2870', 'Puurs', 1),
(137, '2870', 'Ruisbroek', 1),
(138, '2880', 'Bornem', 1),
(139, '2880', 'Hingene', 1),
(140, '2880', 'Mariekerke (Bornem)', 1),
(141, '2880', 'Weert', 1),
(142, '2890', 'Lippelo', 1),
(143, '2890', 'Oppuurs', 1),
(144, '2890', 'Sint-Amands', 1),
(145, '2900', 'Schoten', 1),
(146, '2910', 'Essen', 1),
(147, '2920', 'Kalmthout', 1),
(148, '2930', 'Brasschaat', 1),
(149, '2940', 'Hoevenen', 1),
(150, '2940', 'Stabroek', 1),
(151, '2950', 'Kapellen', 1),
(152, '2960', 'Brecht', 1),
(153, '2960', 'Sint-Job-in-&#039;t-Goor', 1),
(154, '2960', 'Sint-Lenaarts', 1),
(155, '2970', '&#039;s Gravenwezel', 1),
(156, '2970', 'Schilde', 1),
(157, '2980', 'Halle, Kempen', 1),
(158, '2980', 'Zoersel', 1),
(159, '2990', 'Loenhout', 1),
(160, '2990', 'Wuustwezel', 1),
(161, '3500', 'Hasselt', 2),
(162, '3500', 'Sint-Lambrechts-Herk', 2),
(163, '3501', 'Wimmertingen', 2),
(164, '3510', 'Kermt', 2),
(165, '3510', 'Spalbeek', 2),
(166, '3511', 'Kuringen', 2),
(167, '3511', 'Stokrooie', 2),
(168, '3512', 'Stevoort', 2),
(169, '3520', 'Zonhoven', 2),
(170, '3530', 'Helchteren', 2),
(171, '3530', 'Houthalen', 2),
(172, '3530', 'Houthalen-Helchteren', 2),
(173, '3540', 'Berbroek', 2),
(174, '3540', 'Donk', 2),
(175, '3540', 'Herk-de-Stad', 2),
(176, '3540', 'Schulen', 2),
(177, '3545', 'Halen', 2),
(178, '3545', 'Loksbergen', 2),
(179, '3545', 'Zelem', 2),
(180, '3550', 'Heusden', 2),
(181, '3550', 'Heusden-Zolder', 2),
(182, '3550', 'Zolder', 2),
(183, '3560', 'Linkhout', 2),
(184, '3560', 'Lummen', 2),
(185, '3560', 'Meldert', 2),
(186, '3570', 'Alken', 2),
(187, '3580', 'Beringen', 2),
(188, '3581', 'Beverlo', 2),
(189, '3582', 'Koersel', 2),
(190, '3583', 'Paal', 2),
(191, '3590', 'Diepenbeek', 2),
(192, '3600', 'Genk', 2),
(193, '3620', 'Gellik', 2),
(194, '3620', 'Lanaken', 2),
(195, '3620', 'Neerharen', 2),
(196, '3620', 'Veldwezelt', 2),
(197, '3621', 'Rekem', 2),
(198, '3630', 'Eisden', 2),
(199, '3630', 'Leut', 2),
(200, '3630', 'Maasmechelen', 2),
(201, '3630', 'Mechelen-aan-de-Maas', 2),
(202, '3630', 'Meeswijk', 2),
(203, '3630', 'Opgrimbie', 2),
(204, '3630', 'Vucht', 2),
(205, '3631', 'Boorsem', 2),
(206, '3631', 'Uikhoven', 2),
(207, '3640', 'Kessenich', 2),
(208, '3640', 'Kinrooi', 2),
(209, '3640', 'Molenbeersel', 2),
(210, '3640', 'Ophoven', 2),
(211, '3650', 'Dilsen-Stokkem', 2),
(212, '3650', 'Elen', 2),
(213, '3650', 'Lanklaar', 2),
(214, '3650', 'Rotem', 2),
(215, '3660', 'Opglabbeek', 2),
(216, '3665', 'As', 2),
(217, '3668', 'Niel-bij-As', 2),
(218, '3670', 'Ellikom', 2),
(219, '3670', 'Gruitrode', 2),
(220, '3670', 'Meeuwen', 2),
(221, '3670', 'Meeuwen-Gruitrode', 2),
(222, '3670', 'Neerglabbeek', 2),
(223, '3670', 'Wijshagen', 2),
(224, '3680', 'Maaseik', 2),
(225, '3680', 'Neeroeteren', 2),
(226, '3680', 'Opoeteren', 2),
(227, '3690', 'Zutendaal', 2),
(228, '3700', 'Berg', 2),
(229, '3700', 'Diets-Heur', 2),
(230, '3700', 'Haren (Tongeren)', 2),
(231, '3700', 'Henis', 2),
(232, '3700', 'Kolmont (Tongeren)', 2),
(233, '3700', 'Koninksem', 2),
(234, '3700', 'Lauw', 2),
(235, '3700', 'Mal', 2),
(236, '3700', 'Neerrepen', 2),
(237, '3700', 'Nerem', 2),
(238, '3700', 'Overrepen (Kolmont)', 2),
(239, '3700', 'Piringen (Haren)', 2),
(240, '3700', 'Riksingen', 2),
(241, '3700', 'Rutten', 2),
(242, '3700', '&#039;s Herenelderen', 2),
(243, '3700', 'Sluizen', 2),
(244, '3700', 'Tongeren', 2),
(245, '3700', 'Vreren', 2),
(246, '3700', 'Widooie (Haren)', 2),
(247, '3717', 'Herstappe', 2),
(248, '3720', 'Kortessem', 2),
(249, '3721', 'Vliermaalroot', 2),
(250, '3722', 'Wintershoven', 2),
(251, '3723', 'Guigoven', 2),
(252, '3724', 'Vliermaal', 2),
(253, '3730', 'Hoeselt', 2),
(254, '3730', 'Romershoven', 2),
(255, '3730', 'Sint-Huibrechts-Hern', 2),
(256, '3730', 'Werm', 2),
(257, '3732', 'Schalkhoven', 2),
(258, '3740', 'Beverst', 2),
(259, '3740', 'Bilzen', 2),
(260, '3740', 'Eigenbilzen', 2),
(261, '3740', 'Grote-Spouwen', 2),
(262, '3740', 'Hees', 2),
(263, '3740', 'Kleine-Spouwen', 2),
(264, '3740', 'Mopertingen', 2),
(265, '3740', 'Munsterbilzen', 2),
(266, '3740', 'Rijkhoven', 2),
(267, '3740', 'Rosmeer', 2),
(268, '3740', 'Spouwen', 2),
(269, '3740', 'Waltwilder', 2),
(270, '3742', 'Martenslinde', 2),
(271, '3746', 'Hoelbeek', 2),
(272, '3770', 'Genoelselderen', 2),
(273, '3770', 'Herderen', 2),
(274, '3770', 'Kanne', 2),
(275, '3770', 'Membruggen', 2),
(276, '3770', 'Millen', 2),
(277, '3770', 'Riemst', 2),
(278, '3770', 'Val-Meer', 2),
(279, '3770', 'Vlijtingen', 2),
(280, '3770', 'Vroenhoven', 2),
(281, '3770', 'Zichen-Zussen-Bolder', 2),
(282, '3790', 'Moelingen/Mouland', 2),
(283, '3790', 'Sint-Martens-Voeren/Fouron-Saint-Martin', 2),
(284, '3790', 'Voeren/Fourons', 2),
(285, '3791', 'Remersdaal', 2),
(286, '3792', 'Sint-Pieters-Voeren/Fouron-Saint-Pierre', 2),
(287, '3793', 'Teuven', 2),
(288, '3798', '&#039;s Gravenvoeren/Fouron-le-Comte', 2),
(289, '3800', 'Aalst', 2),
(290, '3800', 'Brustem', 2),
(291, '3800', 'Engelmanshoven', 2),
(292, '3800', 'Gelinden', 2),
(293, '3800', 'Groot-Gelmen', 2),
(294, '3800', 'Halmaal', 2),
(295, '3800', 'Kerkom-bij-Sint-Truiden', 2),
(296, '3800', 'Ordingen', 2),
(297, '3800', 'Sint-Truiden', 2),
(298, '3800', 'Zepperen', 2),
(299, '3803', 'Duras', 2),
(300, '3803', 'Gorsem', 2),
(301, '3803', 'Runkelen', 2),
(302, '3803', 'Wilderen', 2),
(303, '3806', 'Velm', 2),
(304, '3830', 'Berlingen', 2),
(305, '3830', 'Wellen', 2),
(306, '3831', 'Herten', 2),
(307, '3832', 'Ulbeek', 2),
(308, '3840', 'Bommershoven (Haren)', 2),
(309, '3840', 'Borgloon', 2),
(310, '3840', 'Broekom', 2),
(311, '3840', 'Gors-Opleeuw', 2),
(312, '3840', 'Gotem', 2),
(313, '3840', 'Groot-Loon', 2),
(314, '3840', 'Haren (Borgloon)', 2),
(315, '3840', 'Hendrieken', 2),
(316, '3840', 'Hoepertingen', 2),
(317, '3840', 'Jesseren (Kolmont)', 2),
(318, '3840', 'Kerniel', 2),
(319, '3840', 'Kolmont (Borgloon)', 2),
(320, '3840', 'Kuttekoven', 2),
(321, '3840', 'Rijkel', 2),
(322, '3840', 'Voort', 2),
(323, '3850', 'Binderveld', 2),
(324, '3850', 'Kozen', 2),
(325, '3850', 'Nieuwerkerken', 2),
(326, '3850', 'Wijer', 2),
(327, '3870', 'Batsheers', 2),
(328, '3870', 'Bovelingen', 2),
(329, '3870', 'Gutschoven', 2),
(330, '3870', 'Heers', 2),
(331, '3870', 'Heks', 2),
(332, '3870', 'Horpmaal', 2),
(333, '3870', 'Klein-Gelmen', 2),
(334, '3870', 'Mechelen-Bovelingen', 2),
(335, '3870', 'Mettekoven', 2),
(336, '3870', 'Opheers', 2),
(337, '3870', 'Rukkelingen-Loon', 2),
(338, '3870', 'Vechmaal', 2),
(339, '3870', 'Veulen', 2),
(340, '3890', 'Boekhout', 2),
(341, '3890', 'Gingelom', 2),
(342, '3890', 'Jeuk', 2),
(343, '3890', 'Kortijs', 2),
(344, '3890', 'Montenaken', 2),
(345, '3890', 'Niel-bij-Sint-Truiden', 2),
(346, '3890', 'Vorsen', 2),
(347, '3891', 'Borlo', 2),
(348, '3891', 'Buvingen', 2),
(349, '3891', 'Mielen-boven-Aalst', 2),
(350, '3891', 'Muizen', 2),
(351, '3900', 'Overpelt', 2),
(352, '3910', 'Neerpelt', 2),
(353, '3910', 'Sint-Huibrechts-Lille', 2),
(354, '3920', 'Lommel', 2),
(355, '3930', 'Achel', 2),
(356, '3930', 'Hamont', 2),
(357, '3930', 'Hamont-Achel', 2),
(358, '3940', 'Hechtel', 2),
(359, '3940', 'Hechtel-Eksel', 2),
(360, '3941', 'Eksel', 2),
(361, '3945', 'Ham', 2),
(362, '3945', 'Kwaadmechelen', 2),
(363, '3945', 'Oostham', 2),
(364, '3950', 'Bocholt', 2),
(365, '3950', 'Kaulille', 2),
(366, '3950', 'Reppel', 2),
(367, '3960', 'Beek', 2),
(368, '3960', 'Bree', 2),
(369, '3960', 'Gerdingen', 2),
(370, '3960', 'Opitter', 2),
(371, '3960', 'Tongerlo', 2),
(372, '3970', 'Leopoldsburg', 2),
(373, '3971', 'Heppen', 2),
(374, '3980', 'Tessenderlo', 2),
(375, '3990', 'Grote-Brogel', 2),
(376, '3990', 'Kleine-Brogel', 2),
(377, '3990', 'Peer', 2),
(378, '3990', 'Wijchmaal', 2),
(379, '9000', 'Gent', 3),
(380, '9030', 'Mariakerke', 3),
(381, '9031', 'Drongen', 3),
(382, '9032', 'Wondelgem', 3),
(383, '9040', 'Sint-Amandsberg', 3),
(384, '9041', 'Oostakker', 3),
(385, '9042', 'Desteldonk', 3),
(386, '9042', 'Mendonk', 3),
(387, '9042', 'Sint-Kruis-Winkel', 3),
(388, '9050', 'Gentbrugge', 3),
(389, '9050', 'Ledeberg', 3),
(390, '9051', 'Afsnee', 3),
(391, '9051', 'Sint-Denijs-Westrem', 3),
(392, '9052', 'Zwijnaarde', 3),
(393, '9060', 'Zelzate', 3),
(394, '9070', 'Destelbergen', 3),
(395, '9070', 'Heusden (O.Vl.)', 3),
(396, '9080', 'Beervelde', 3),
(397, '9080', 'Lochristi', 3),
(398, '9080', 'Zaffelare', 3),
(399, '9080', 'Zeveneken', 3),
(400, '9090', 'Gontrode', 3),
(401, '9090', 'Melle', 3),
(402, '9100', 'Nieuwkerken-Waas', 3),
(403, '9100', 'Sint-Niklaas', 3),
(404, '9111', 'Belsele', 3),
(405, '9112', 'Sinaai-Waas', 3),
(406, '9120', 'Beveren-Waas', 3),
(407, '9120', 'Haasdonk', 3),
(408, '9120', 'Kallo (Beveren-Waas)', 3),
(409, '9120', 'Melsele', 3),
(410, '9120', 'Vrasene', 3),
(411, '9130', 'Doel', 3),
(412, '9130', 'Kallo (Kieldrecht)', 3),
(413, '9130', 'Kieldrecht', 3),
(414, '9130', 'Verrebroek', 3),
(415, '9140', 'Elversele', 3),
(416, '9140', 'Steendorp', 3),
(417, '9140', 'Temse', 3),
(418, '9140', 'Tielrode', 3),
(419, '9150', 'Bazel', 3),
(420, '9150', 'Kruibeke', 3),
(421, '9150', 'Rupelmonde', 3),
(422, '9160', 'Daknam', 3),
(423, '9160', 'Eksaarde', 3),
(424, '9160', 'Lokeren', 3),
(425, '9170', 'De Klinge', 3),
(426, '9170', 'Meerdonk', 3),
(427, '9170', 'Sint-Gillis-Waas', 3),
(428, '9170', 'Sint-Pauwels', 3),
(429, '9180', 'Moerbeke-Waas', 3),
(430, '9185', 'Wachtebeke', 3),
(431, '9190', 'Kemzeke', 3),
(432, '9190', 'Stekene', 3),
(433, '9200', 'Appels', 3),
(434, '9200', 'Baasrode', 3),
(435, '9200', 'Dendermonde', 3),
(436, '9200', 'Grembergen', 3),
(437, '9200', 'Mespelare', 3),
(438, '9200', 'Oudegem', 3),
(439, '9200', 'Schoonaarde', 3),
(440, '9200', 'Sint-Gillis-bij-Dendermonde', 3),
(441, '9220', 'Hamme', 3),
(442, '9220', 'Moerzeke', 3),
(443, '9230', 'Massemen', 3),
(444, '9230', 'Westrem', 3),
(445, '9230', 'Wetteren', 3),
(446, '9240', 'Zele', 3),
(447, '9250', 'Waasmunster', 3),
(448, '9255', 'Buggenhout', 3),
(449, '9255', 'Opdorp', 3),
(450, '9260', 'Schellebelle', 3),
(451, '9260', 'Serskamp', 3),
(452, '9260', 'Wichelen', 3),
(453, '9270', 'Kalken', 3),
(454, '9270', 'Laarne', 3),
(455, '9280', 'Denderbelle', 3),
(456, '9280', 'Lebbeke', 3),
(457, '9280', 'Wieze', 3),
(458, '9290', 'Berlare', 3),
(459, '9290', 'Overmere', 3),
(460, '9290', 'Uitbergen', 3),
(461, '9300', 'Aalst', 3),
(462, '9308', 'Gijzegem', 3),
(463, '9308', 'Hofstade', 3),
(464, '9310', 'Baardegem', 3),
(465, '9310', 'Herdersem', 3),
(466, '9310', 'Meldert', 3),
(467, '9310', 'Moorsel', 3),
(468, '9320', 'Erembodegem', 3),
(469, '9320', 'Nieuwerkerken', 3),
(470, '9340', 'Impe', 3),
(471, '9340', 'Lede', 3),
(472, '9340', 'Oordegem', 3),
(473, '9340', 'Smetlede', 3),
(474, '9340', 'Wanzele', 3),
(475, '9400', 'Appelterre-Eichem', 3),
(476, '9400', 'Denderwindeke', 3),
(477, '9400', 'Lieferinge', 3),
(478, '9400', 'Nederhasselt', 3),
(479, '9400', 'Ninove', 3),
(480, '9400', 'Okegem', 3),
(481, '9400', 'Voorde', 3),
(482, '9401', 'Pollare', 3),
(483, '9402', 'Meerbeke', 3),
(484, '9403', 'Neigem', 3),
(485, '9404', 'Aspelare', 3),
(486, '9406', 'Outer', 3),
(487, '9420', 'Aaigem', 3),
(488, '9420', 'Bambrugge', 3),
(489, '9420', 'Burst', 3),
(490, '9420', 'Erondegem', 3),
(491, '9420', 'Erpe', 3),
(492, '9420', 'Erpe-Mere', 3),
(493, '9420', 'Mere', 3),
(494, '9420', 'Ottergem', 3),
(495, '9420', 'Vlekkem', 3),
(496, '9450', 'Denderhoutem', 3),
(497, '9450', 'Haaltert', 3),
(498, '9450', 'Heldergem', 3),
(499, '9451', 'Kerksken', 3),
(500, '9470', 'Denderleeuw', 3),
(501, '9472', 'Iddergem', 3),
(502, '9473', 'Welle', 3),
(503, '9500', 'Geraardsbergen', 3),
(504, '9500', 'Goeferdinge', 3),
(505, '9500', 'Moerbeke', 3),
(506, '9500', 'Nederboelare', 3),
(507, '9500', 'Onkerzele', 3),
(508, '9500', 'Ophasselt', 3),
(509, '9500', 'Overboelare', 3),
(510, '9500', 'Viane', 3),
(511, '9500', 'Zarlardinge', 3),
(512, '9506', 'Grimminge', 3),
(513, '9506', 'Idegem', 3),
(514, '9506', 'Nieuwenhove', 3),
(515, '9506', 'Schendelbeke', 3),
(516, '9506', 'Smeerebbe-Vloerzegem', 3),
(517, '9506', 'Waarbeke', 3),
(518, '9506', 'Zandbergen', 3),
(519, '9520', 'Bavegem', 3),
(520, '9520', 'Sint-Lievens-Houtem', 3),
(521, '9520', 'Vlierzele', 3),
(522, '9520', 'Zonnegem', 3),
(523, '9521', 'Letterhoutem', 3),
(524, '9550', 'Herzele', 3),
(525, '9550', 'Hillegem', 3),
(526, '9550', 'Sint-Antelinks', 3),
(527, '9550', 'Sint-Lievens-Esse', 3),
(528, '9550', 'Steenhuize-Wijnhuize', 3),
(529, '9550', 'Woubrechtegem', 3),
(530, '9551', 'Ressegem', 3),
(531, '9552', 'Borsbeke', 3),
(532, '9570', 'Deftinge', 3),
(533, '9570', 'Lierde', 3),
(534, '9570', 'Sint-Maria-Lierde', 3),
(535, '9571', 'Hemelveerdegem', 3),
(536, '9572', 'Sint-Martens-Lierde', 3),
(537, '9600', 'Ronse/Renaix', 3),
(538, '9690', 'Kwaremont', 3),
(539, '9620', 'Elene', 3),
(540, '9620', 'Erwetegem', 3),
(541, '9620', 'Godveerdegem', 3),
(542, '9620', 'Grotenberge', 3),
(543, '9620', 'Leeuwergem', 3),
(544, '9620', 'Oombergen (Zottegem)', 3),
(545, '9620', 'Sint-Goriks-Oudenhove', 3),
(546, '9620', 'Sint-Maria-Oudenhove (Zottegem)', 3),
(547, '9620', 'Strijpen', 3),
(548, '9620', 'Velzeke-Ruddershove', 3),
(549, '9620', 'Zottegem', 3),
(550, '9630', 'Beerlegem', 3),
(551, '9630', 'Dikkele', 3),
(552, '9630', 'Hundelgem', 3),
(553, '9630', 'Meilegem', 3),
(554, '9630', 'Munkzwalm', 3),
(555, '9630', 'Paulatem', 3),
(556, '9630', 'Roborst', 3),
(557, '9630', 'Rozebeke', 3),
(558, '9630', 'Sint-Blasius-Boekel', 3),
(559, '9630', 'Sint-Denijs-Boekel', 3),
(560, '9630', 'Sint-Maria-Latem', 3),
(561, '9630', 'Zwalm', 3),
(562, '9636', 'Nederzwalm-Hermelgem', 3),
(563, '9660', 'Brakel', 3),
(564, '9660', 'Elst', 3),
(565, '9660', 'Everbeek', 3),
(566, '9660', 'Michelbeke', 3),
(567, '9660', 'Nederbrakel', 3),
(568, '9660', 'Opbrakel', 3),
(569, '9660', 'Sint-Maria-Oudenhove (Brakel)', 3),
(570, '9660', 'Zegelsem', 3),
(571, '9661', 'Parike', 3),
(572, '9667', 'Horebeke', 3),
(573, '9667', 'Sint-Kornelis-Horebeke', 3),
(574, '9667', 'Sint-Maria-Horebeke', 3),
(575, '9680', 'Etikhove', 3),
(576, '9680', 'Maarkedal', 3),
(577, '9680', 'Maarke-Kerkem', 3),
(578, '9681', 'Nukerke', 3),
(579, '9688', 'Schorisse', 3),
(580, '9690', 'Berchem', 3),
(581, '9690', 'Kluisbergen', 3),
(582, '9690', 'Ruien', 3),
(583, '9690', 'Zulzeke', 3),
(584, '9700', 'Bevere', 3),
(585, '9700', 'Edelare', 3),
(586, '9700', 'Eine', 3),
(587, '9700', 'Ename', 3),
(588, '9700', 'Heurne', 3),
(589, '9700', 'Leupegem', 3),
(590, '9700', 'Mater', 3),
(591, '9700', 'Melden', 3),
(592, '9700', 'Mullem', 3),
(593, '9700', 'Nederename', 3),
(594, '9700', 'Oudenaarde', 3),
(595, '9700', 'Volkegem', 3),
(596, '9700', 'Welden', 3),
(597, '9750', 'Huise', 3),
(598, '9750', 'Ouwegem', 3),
(599, '9750', 'Zingem', 3),
(600, '9770', 'Kruishoutem', 3),
(601, '9771', 'Nokere', 3),
(602, '9772', 'Wannegem-Lede', 3),
(603, '9790', 'Elsegem', 3),
(604, '9790', 'Moregem', 3),
(605, '9790', 'Ooike (Wortegem-Petegem)', 3),
(606, '9790', 'Petegem-aan-de-Schelde', 3),
(607, '9790', 'Wortegem', 3),
(608, '9790', 'Wortegem-Petegem', 3),
(609, '9800', 'Astene', 3),
(610, '9800', 'Bachte-Maria-Leerne', 3),
(611, '9800', 'Deinze', 3),
(612, '9800', 'Gottem', 3),
(613, '9800', 'Grammene', 3),
(614, '9800', 'Meigem', 3),
(615, '9800', 'Petegem-aan-de-Leie', 3),
(616, '9800', 'Sint-Martens-Leerne', 3),
(617, '9800', 'Vinkt', 3),
(618, '9800', 'Wontergem', 3),
(619, '9800', 'Zeveren', 3),
(620, '9810', 'Eke', 3),
(621, '9810', 'Nazareth', 3),
(622, '9820', 'Bottelare', 3),
(623, '9820', 'Lemberge', 3),
(624, '9820', 'Melsen', 3),
(625, '9820', 'Merelbeke', 3),
(626, '9820', 'Munte', 3),
(627, '9820', 'Schelderode', 3),
(628, '9830', 'Sint-Martens-Latem', 3),
(629, '9831', 'Deurle', 3),
(630, '9840', 'De Pinte', 3),
(631, '9840', 'Zevergem', 3),
(632, '9850', 'Hansbeke', 3),
(633, '9850', 'Landegem', 3),
(634, '9850', 'Merendree', 3),
(635, '9850', 'Nevele', 3),
(636, '9850', 'Poesele', 3),
(637, '9850', 'Vosselare', 3),
(638, '9860', 'Balegem', 3),
(639, '9860', 'Gijzenzele', 3),
(640, '9860', 'Landskouter', 3),
(641, '9860', 'Moortsele', 3),
(642, '9860', 'Oosterzele', 3),
(643, '9860', 'Scheldewindeke', 3),
(644, '9870', 'Machelen', 3),
(645, '9870', 'Olsene', 3),
(646, '9870', 'Zulte', 3),
(647, '9880', 'Aalter', 3),
(648, '9880', 'Lotenhulle', 3),
(649, '9880', 'Poeke', 3),
(650, '9881', 'Bellem', 3),
(651, '9890', 'Asper', 3),
(652, '9890', 'Baaigem', 3),
(653, '9890', 'Dikkelvenne', 3),
(654, '9890', 'Gavere', 3),
(655, '9890', 'Semmerzake', 3),
(656, '9890', 'Vurste', 3),
(657, '9900', 'Eeklo', 3),
(658, '9910', 'Knesselare', 3),
(659, '9910', 'Ursel', 3),
(660, '9920', 'Lovendegem', 3),
(661, '9921', 'Vinderhoute', 3),
(662, '9930', 'Zomergem', 3),
(663, '9931', 'Oostwinkel', 3),
(664, '9932', 'Ronsele', 3),
(665, '9940', 'Ertvelde', 3),
(666, '9940', 'Evergem', 3),
(667, '9940', 'Kluizen', 3),
(668, '9940', 'Sleidinge', 3),
(669, '9950', 'Waarschoot', 3),
(670, '9960', 'Assenede', 3),
(671, '9961', 'Boekhoute', 3),
(672, '9968', 'Bassevelde', 3),
(673, '9968', 'Oosteeklo', 3),
(674, '9970', 'Kaprijke', 3),
(675, '9971', 'Lembeke', 3),
(676, '9980', 'Sint-Laureins', 3),
(677, '9981', 'Sint-Margriete', 3),
(678, '9982', 'Sint-Jan-in-Eremo', 3),
(679, '9988', 'Waterland-Oudeman', 3),
(680, '9988', 'Watervliet', 3),
(681, '9990', 'Maldegem', 3),
(682, '9991', 'Adegem', 3),
(683, '9992', 'Middelburg', 3),
(684, '1500', 'Halle', 4),
(685, '1501', 'Buizingen', 4),
(686, '1502', 'Lembeek', 4),
(687, '1540', 'Herfelingen', 4),
(688, '1540', 'Herne', 4),
(689, '1541', 'Sint-Pieters-Kapelle', 4),
(690, '1547', 'Bever/Biévène', 4),
(691, '1560', 'Hoeilaart', 4),
(692, '1570', 'Galmaarden', 4),
(693, '1570', 'Tollembeek', 4),
(694, '1570', 'Vollezele', 4),
(695, '1600', 'Oudenaken', 4),
(696, '1600', 'Sint-Laureins-Berchem', 4),
(697, '1600', 'Sint-Pieters-Leeuw', 4),
(698, '1601', 'Ruisbroek', 4),
(699, '1602', 'Vlezenbeek', 4),
(700, '1620', 'Drogenbos', 4),
(701, '1630', 'Linkebeek', 4),
(702, '1640', 'Sint-Genesius-Rode/Rhode-Saint-Genèse', 4),
(703, '1650', 'Beersel', 4),
(704, '1651', 'Lot', 4),
(705, '1652', 'Alsemberg', 4),
(706, '1653', 'Dworp', 4),
(707, '1654', 'Huizingen', 4),
(708, '1670', 'Bogaarden', 4),
(709, '1670', 'Heikruis', 4),
(710, '1670', 'Pepingen', 4),
(711, '1671', 'Elingen', 4),
(712, '1673', 'Beert', 4),
(713, '1674', 'Bellingen', 4),
(714, '1700', 'Dilbeek', 4),
(715, '1700', 'Sint-Martens-Bodegem', 4),
(716, '1700', 'Sint-Ulriks-Kapelle', 4),
(717, '1701', 'Itterbeek', 4),
(718, '1702', 'Groot-Bijgaarden', 4),
(719, '1703', 'Schepdaal', 4),
(720, '1730', 'Asse', 4),
(721, '1730', 'Bekkerzeel', 4),
(722, '1730', 'Kobbegem', 4),
(723, '1730', 'Mollem', 4),
(724, '1731', 'Relegem', 4),
(725, '1731', 'Zellik', 4),
(726, '1740', 'Ternat', 4),
(727, '1741', 'Wambeek', 4),
(728, '1742', 'Sint-Katherina-Lombeek', 4),
(729, '1745', 'Mazenzele', 4),
(730, '1745', 'Opwijk', 4),
(731, '1750', 'Gaasbeek', 4),
(732, '1750', 'Lennik', 4),
(733, '1750', 'Sint-Kwintens-Lennik', 4),
(734, '1750', 'Sint-Martens-Lennik', 4),
(735, '1755', 'Gooik', 4),
(736, '1755', 'Kester', 4),
(737, '1755', 'Leerbeek', 4),
(738, '1755', 'Oetingen', 4),
(739, '1760', 'Onze-Lieve-Vrouw-Lombeek', 4),
(740, '1760', 'Pamel', 4),
(741, '1760', 'Roosdaal', 4),
(742, '1760', 'Strijtem', 4),
(743, '1761', 'Borchtlombeek', 4),
(744, '1770', 'Liedekerke', 4),
(745, '1780', 'Wemmel', 4),
(746, '1785', 'Brussegem', 4),
(747, '1785', 'Hamme', 4),
(748, '1785', 'Merchtem', 4),
(749, '1790', 'Affligem', 4),
(750, '1790', 'Essene', 4),
(751, '1790', 'Hekelgem', 4),
(752, '1790', 'Teralfene', 4),
(753, '1800', 'Peutie', 4),
(754, '1800', 'Vilvoorde', 4),
(755, '1820', 'Melsbroek', 4),
(756, '1820', 'Perk', 4),
(757, '1820', 'Steenokkerzeel', 4),
(758, '1830', 'Machelen', 4),
(759, '1831', 'Diegem', 4),
(760, '1840', 'Londerzeel', 4),
(761, '1840', 'Malderen', 4),
(762, '1840', 'Steenhuffel', 4),
(763, '1850', 'Grimbergen', 4),
(764, '1851', 'Humbeek', 4),
(765, '1852', 'Beigem', 4),
(766, '1853', 'Strombeek-Bever', 4),
(767, '1860', 'Meise', 4),
(768, '1861', 'Wolvertem', 4),
(769, '1880', 'Kapelle-op-den-Bos', 4),
(770, '1880', 'Nieuwenrode', 4),
(771, '1880', 'Ramsdonk', 4),
(772, '1910', 'Berg', 4),
(773, '1910', 'Buken', 4),
(774, '1910', 'Kampenhout', 4),
(775, '1910', 'Nederokkerzeel', 4),
(776, '1930', 'Nossegem', 4),
(777, '1930', 'Zaventem', 4),
(778, '1932', 'Sint-Stevens-Woluwe', 4),
(779, '1933', 'Sterrebeek', 4),
(780, '1950', 'Kraainem', 4),
(781, '1970', 'Wezembeek-Oppem', 4),
(782, '1980', 'Eppegem', 4),
(783, '1980', 'Zemst', 4),
(784, '1981', 'Hofstade', 4),
(785, '1982', 'Elewijt', 4),
(786, '1982', 'Weerde', 4),
(787, '3000', 'Leuven', 4),
(788, '3001', 'Heverlee', 4),
(789, '3010', 'Kessel-Lo', 4),
(790, '3012', 'Wilsele', 4),
(791, '3018', 'Wijgmaal', 4),
(792, '3020', 'Herent', 4),
(793, '3020', 'Veltem-Beisem', 4),
(794, '3020', 'Winksele', 4),
(795, '3040', 'Huldenberg', 4),
(796, '3040', 'Loonbeek', 4),
(797, '3040', 'Neerijse', 4),
(798, '3040', 'Ottenburg', 4),
(799, '3040', 'Sint-Agatha-Rode', 4),
(800, '3050', 'Oud-Heverlee', 4),
(801, '3051', 'Sint-Joris-Weert', 4),
(802, '3052', 'Blanden', 4),
(803, '3053', 'Haasrode', 4),
(804, '3054', 'Vaalbeek', 4),
(805, '3060', 'Bertem', 4),
(806, '3060', 'Korbeek-Dijle', 4),
(807, '3061', 'Leefdaal', 4),
(808, '3070', 'Kortenberg', 4),
(809, '3071', 'Erps-Kwerps', 4),
(810, '3078', 'Everberg', 4),
(811, '3078', 'Meerbeek', 4),
(812, '3080', 'Duisburg', 4),
(813, '3080', 'Tervuren', 4),
(814, '3080', 'Vossem', 4),
(815, '3090', 'Overijse', 4),
(816, '3110', 'Rotselaar', 4),
(817, '3111', 'Wezemaal', 4),
(818, '3118', 'Werchter', 4),
(819, '3120', 'Tremelo', 4),
(820, '3128', 'Baal', 4),
(821, '3130', 'Begijnendijk', 4),
(822, '3130', 'Betekom', 4),
(823, '3140', 'Keerbergen', 4),
(824, '3150', 'Haacht', 4),
(825, '3150', 'Tildonk', 4),
(826, '3150', 'Wespelaar', 4),
(827, '3190', 'Boortmeerbeek', 4),
(828, '3191', 'Hever', 4),
(829, '3200', 'Aarschot', 4),
(830, '3200', 'Gelrode', 4),
(831, '3201', 'Langdorp', 4),
(832, '3202', 'Rillaar', 4),
(833, '3210', 'Linden', 4),
(834, '3210', 'Lubbeek', 4),
(835, '3211', 'Binkom', 4),
(836, '3212', 'Pellenberg', 4),
(837, '3220', 'Holsbeek', 4),
(838, '3220', 'Kortrijk-Dutsel', 4),
(839, '3220', 'Sint-Pieters-Rode', 4),
(840, '3221', 'Nieuwrode', 4),
(841, '3270', 'Scherpenheuvel', 4),
(842, '3270', 'Scherpenheuvel-Zichem', 4),
(843, '3271', 'Averbode', 4),
(844, '3271', 'Zichem', 4),
(845, '3272', 'Messelbroek', 4),
(846, '3272', 'Testelt', 4),
(847, '3290', 'Deurne', 4),
(848, '3290', 'Diest', 4),
(849, '3290', 'Schaffen', 4),
(850, '3290', 'Webbekom', 4),
(851, '3293', 'Kaggevinne', 4),
(852, '3294', 'Molenstede', 4),
(853, '3300', 'Bost', 4),
(854, '3300', 'Goetsenhoven', 4),
(855, '3300', 'Hakendover', 4),
(856, '3300', 'Kumtich', 4),
(857, '3300', 'Oorbeek', 4),
(858, '3300', 'Oplinter', 4),
(859, '3300', 'Sint-Margriete-Houtem (Tienen)', 4),
(860, '3300', 'Tienen', 4),
(861, '3300', 'Vissenaken', 4),
(862, '3320', 'Hoegaarden', 4),
(863, '3320', 'Meldert', 4),
(864, '3321', 'Outgaarden', 4),
(865, '3350', 'Drieslinter', 4),
(866, '3350', 'Linter', 4),
(867, '3350', 'Melkwezer', 4),
(868, '3350', 'Neerhespen', 4),
(869, '3350', 'Neerlinter', 4),
(870, '3350', 'Orsmaal-Gussenhoven', 4),
(871, '3350', 'Overhespen', 4),
(872, '3350', 'Wommersom', 4),
(873, '3360', 'Bierbeek', 4),
(874, '3360', 'Korbeek-Lo', 4),
(875, '3360', 'Lovenjoel', 4),
(876, '3360', 'Opvelp', 4),
(877, '3370', 'Boutersem', 4),
(878, '3370', 'Kerkom', 4),
(879, '3370', 'Neervelp', 4),
(880, '3370', 'Roosbeek', 4),
(881, '3370', 'Vertrijk', 4),
(882, '3370', 'Willebringen', 4),
(883, '3380', 'Bunsbeek', 4),
(884, '3380', 'Glabbeek-Zuurbemde', 4),
(885, '3381', 'Kapellen', 4),
(886, '3384', 'Attenrode', 4),
(887, '3390', 'Houwaart', 4),
(888, '3390', 'Sint-Joris-Winge', 4),
(889, '3390', 'Tielt', 4),
(890, '3390', 'Tielt-Winge', 4),
(891, '3391', 'Meensel-Kiezegem', 4),
(892, '3400', 'Eliksem', 4),
(893, '3400', 'Ezemaal', 4),
(894, '3400', 'Laar', 4),
(895, '3400', 'Landen', 4),
(896, '3400', 'Neerwinden', 4),
(897, '3400', 'Overwinden', 4),
(898, '3400', 'Rumsdorp', 4),
(899, '3400', 'Wange', 4),
(900, '3401', 'Waasmont', 4),
(901, '3401', 'Walsbets', 4),
(902, '3401', 'Walshoutem', 4),
(903, '3401', 'Wezeren', 4),
(904, '3404', 'Attenhoven', 4),
(905, '3404', 'Neerlanden', 4),
(906, '3440', 'Budingen', 4),
(907, '3440', 'Dormaal', 4),
(908, '3440', 'Halle-Booienhoven', 4),
(909, '3440', 'Helen-Bos', 4),
(910, '3440', 'Zoutleeuw', 4),
(911, '3450', 'Geetbets', 4),
(912, '3450', 'Grazen', 4),
(913, '3454', 'Rummen', 4),
(914, '3460', 'Assent', 4),
(915, '3460', 'Bekkevoort', 4),
(916, '3461', 'Molenbeek-Wersbeek', 4),
(917, '3470', 'Kortenaken', 4),
(918, '3470', 'Ransberg', 4),
(919, '3471', 'Hoeleden', 4),
(920, '3472', 'Kersbeek-Miskom', 4),
(921, '3473', 'Waanrode', 4),
(922, '8000', 'Brugge', 5),
(923, '8000', 'Koolkerke', 5),
(924, '8200', 'Sint-Andries', 5),
(925, '8200', 'Sint-Michiels', 5),
(926, '8310', 'Assebroek', 5),
(927, '8310', 'Sint-Kruis', 5),
(928, '8380', 'Dudzele', 5),
(929, '8380', 'Lissewege', 5),
(930, '8380', 'Zeebrugge', 5),
(931, '8020', 'Hertsberge', 5),
(932, '8020', 'Oostkamp', 5),
(933, '8020', 'Ruddervoorde', 5),
(934, '8020', 'Waardamme', 5),
(935, '8210', 'Loppem', 5),
(936, '8210', 'Veldegem', 5),
(937, '8210', 'Zedelgem', 5),
(938, '8211', 'Aartrijke', 5),
(939, '8300', 'Knokke', 5),
(940, '8300', 'Knokke-Heist', 5),
(941, '8300', 'Westkapelle', 5),
(942, '8301', 'Heist-aan-Zee', 5),
(943, '8301', 'Ramskapelle (Knokke-Heist)', 5),
(944, '8340', 'Damme', 5),
(945, '8340', 'Hoeke', 5),
(946, '8340', 'Lapscheure', 5),
(947, '8340', 'Moerkerke', 5),
(948, '8340', 'Oostkerke (Damme)', 5),
(949, '8340', 'Sijsele', 5),
(950, '8370', 'Blankenberge', 5),
(951, '8370', 'Uitkerke', 5),
(952, '8377', 'Houtave', 5),
(953, '8377', 'Meetkerke', 5),
(954, '8377', 'Nieuwmunster', 5),
(955, '8377', 'Zuienkerke', 5),
(956, '8400', 'Oostende', 5),
(957, '8400', 'Stene', 5),
(958, '8400', 'Zandvoorde (Oostende)', 5),
(959, '8420', 'De Haan', 5),
(960, '8420', 'Klemskerke', 5),
(961, '8420', 'Wenduine', 5),
(962, '8421', 'Vlissegem', 5),
(963, '8430', 'Middelkerke', 5),
(964, '8431', 'Wilskerke', 5),
(965, '8432', 'Leffinge', 5),
(966, '8433', 'Mannekensvere', 5),
(967, '8433', 'Schore', 5),
(968, '8433', 'Sint-Pieters-Kapelle', 5),
(969, '8433', 'Slijpe', 5),
(970, '8433', 'Spermalie', 5),
(971, '8434', 'Lombardsijde', 5),
(972, '8434', 'Westende', 5),
(973, '8450', 'Bredene', 5),
(974, '8460', 'Ettelgem', 5),
(975, '8460', 'Oudenburg', 5),
(976, '8460', 'Roksem', 5),
(977, '8460', 'Westkerke', 5),
(978, '8470', 'Gistel', 5),
(979, '8470', 'Moere', 5),
(980, '8470', 'Snaaskerke', 5),
(981, '8470', 'Zevekote', 5),
(982, '8480', 'Bekegem', 5),
(983, '8480', 'Eernegem', 5),
(984, '8480', 'Ichtegem', 5),
(985, '8490', 'Jabbeke', 5),
(986, '8490', 'Snellegem', 5),
(987, '8490', 'Stalhille', 5),
(988, '8490', 'Varsenare', 5),
(989, '8490', 'Zerkegem', 5),
(990, '8500', 'Kortrijk', 5),
(991, '8501', 'Bissegem', 5),
(992, '8501', 'Heule', 5),
(993, '8510', 'Bellegem', 5),
(994, '8510', 'Kooigem', 5),
(995, '8510', 'Marke', 5),
(996, '8510', 'Rollegem', 5),
(997, '8511', 'Aalbeke', 5),
(998, '8520', 'Kuurne', 5),
(999, '8530', 'Harelbeke', 5),
(1000, '8531', 'Bavikhove', 5),
(1001, '8531', 'Hulste', 5),
(1002, '8540', 'Deerlijk', 5),
(1003, '8550', 'Zwevegem', 5),
(1004, '8551', 'Heestert', 5),
(1005, '8552', 'Moen', 5),
(1006, '8553', 'Otegem', 5),
(1007, '8554', 'Sint-Denijs', 5),
(1008, '8560', 'Gullegem', 5),
(1009, '8560', 'Moorsele', 5),
(1010, '8560', 'Wevelgem', 5),
(1011, '8570', 'Anzegem', 5),
(1012, '8570', 'Gijzelbrechtegem', 5),
(1013, '8570', 'Ingooigem', 5),
(1014, '8570', 'Vichte', 5),
(1015, '8572', 'Kaster', 5),
(1016, '8573', 'Tiegem', 5),
(1017, '8580', 'Avelgem', 5),
(1018, '8581', 'Kerkhove', 5),
(1019, '8581', 'Waarmaarde', 5),
(1020, '8582', 'Outrijve', 5),
(1021, '8583', 'Bossuit', 5),
(1022, '8587', 'Helkijn/Helchin', 5),
(1023, '8587', 'Spiere/Espierres', 5),
(1024, '8587', 'Spiere-Helkijn/Espierres-Helchin', 5),
(1025, '8600', 'Beerst', 5),
(1026, '8600', 'Diksmuide', 5),
(1027, '8600', 'Driekapellen', 5),
(1028, '8600', 'Esen', 5),
(1029, '8600', 'Kaaskerke', 5),
(1030, '8600', 'Keiem', 5),
(1031, '8600', 'Lampernisse', 5),
(1032, '8600', 'Leke', 5),
(1033, '8600', 'Nieuwkapelle', 5),
(1034, '8600', 'Oostkerke (Diksmuide)', 5),
(1035, '8600', 'Oudekapelle', 5),
(1036, '8600', 'Pervijze', 5),
(1037, '8600', 'Sint-Jacobs-Kapelle', 5),
(1038, '8600', 'Stuivekenskerke', 5),
(1039, '8600', 'Vladslo', 5),
(1040, '8600', 'Woumen', 5),
(1041, '8610', 'Handzame', 5),
(1042, '8610', 'Kortemark', 5),
(1043, '8610', 'Werken', 5),
(1044, '8610', 'Zarren', 5),
(1045, '8620', 'Nieuwpoort', 5),
(1046, '8620', 'Ramskapelle (Nieuwpoort)', 5),
(1047, '8620', 'Sint-Joris (Nieuwpoort)', 5),
(1048, '8630', 'Avekapelle', 5),
(1049, '8630', 'Beauvoorde', 5),
(1050, '8630', 'Booitshoeke', 5),
(1051, '8630', 'Bulskamp', 5),
(1052, '8630', 'De Moeren', 5),
(1053, '8630', 'Eggewaartskapelle', 5),
(1054, '8630', 'Houtem', 5),
(1055, '8630', 'Steenkerke', 5),
(1056, '8630', 'Veurne', 5),
(1057, '8630', 'Vinkem', 5),
(1058, '8630', 'Wulveringem', 5),
(1059, '8630', 'Zoutenaaie', 5),
(1060, '8640', 'Oostvleteren', 5),
(1061, '8640', 'Vleteren', 5),
(1062, '8640', 'Westvleteren', 5),
(1063, '8640', 'Woesten', 5),
(1064, '8647', 'Lo', 5),
(1065, '8647', 'Lo-Reninge', 5),
(1066, '8647', 'Noordschote', 5),
(1067, '8647', 'Pollinkhove', 5),
(1068, '8647', 'Reninge', 5),
(1069, '8650', 'Houthulst', 5),
(1070, '8650', 'Klerken', 5),
(1071, '8650', 'Merkem', 5),
(1072, '8660', 'Adinkerke', 5),
(1073, '8660', 'De Panne', 5),
(1074, '8670', 'Koksijde', 5),
(1075, '8670', 'Oostduinkerke', 5),
(1076, '8670', 'Wulpen', 5),
(1077, '8680', 'Bovekerke', 5),
(1078, '8680', 'Koekelare', 5),
(1079, '8680', 'Zande', 5),
(1080, '8690', 'Alveringem', 5),
(1081, '8690', 'Hoogstade', 5),
(1082, '8690', 'Oeren', 5),
(1083, '8690', 'Sint-Rijkers', 5),
(1084, '8691', 'Beveren-aan-den-Ijzer', 5),
(1085, '8691', 'Gijverinkhove', 5),
(1086, '8691', 'Izenberge', 5),
(1087, '8691', 'Leisele', 5),
(1088, '8691', 'Stavele', 5),
(1089, '8700', 'Aarsele', 5),
(1090, '8700', 'Kanegem', 5),
(1091, '8700', 'Schuiferskapelle', 5),
(1092, '8700', 'Tielt', 5),
(1093, '8710', 'Ooigem', 5),
(1094, '8710', 'Sint-Baafs-Vijve', 5),
(1095, '8710', 'Wielsbeke', 5),
(1096, '8720', 'Dentergem', 5),
(1097, '8720', 'Markegem', 5),
(1098, '8720', 'Oeselgem', 5),
(1099, '8720', 'Wakken', 5),
(1100, '8730', 'Beernem', 5),
(1101, '8730', 'Oedelem', 5),
(1102, '8730', 'Sint-Joris (Beernem)', 5),
(1103, '8740', 'Egem', 5),
(1104, '8740', 'Pittem', 5),
(1105, '8750', 'Wingene', 5),
(1106, '8750', 'Zwevezele', 5),
(1107, '8755', 'Ruiselede', 5),
(1108, '8760', 'Meulebeke', 5),
(1109, '8770', 'Ingelmunster', 5),
(1110, '8780', 'Oostrozebeke', 5),
(1111, '8790', 'Waregem', 5),
(1112, '8791', 'Beveren (Leie)', 5),
(1113, '8792', 'Desselgem', 5),
(1114, '8793', 'Sint-Eloois-Vijve', 5),
(1115, '8800', 'Beveren (Roeselare)', 5),
(1116, '8800', 'Oekene', 5),
(1117, '8800', 'Roeselare', 5),
(1118, '8800', 'Rumbeke', 5),
(1119, '8810', 'Lichtervelde', 5),
(1120, '8820', 'Torhout', 5),
(1121, '8830', 'Gits', 5),
(1122, '8830', 'Hooglede', 5),
(1123, '8840', 'Oostnieuwkerke', 5),
(1124, '8840', 'Staden', 5),
(1125, '8840', 'Westrozebeke', 5),
(1126, '8850', 'Ardooie', 5),
(1127, '8851', 'Koolskamp', 5),
(1128, '8860', 'Lendelede', 5),
(1129, '8870', 'Emelgem', 5),
(1130, '8870', 'Izegem', 5),
(1131, '8870', 'Kachtem', 5),
(1132, '8880', 'Ledegem', 5),
(1133, '8880', 'Rollegem-Kapelle', 5),
(1134, '8880', 'Sint-Eloois-Winkel', 5),
(1135, '8890', 'Dadizele', 5),
(1136, '8890', 'Moorslede', 5),
(1137, '8900', 'Brielen', 5),
(1138, '8900', 'Dikkebus', 5),
(1139, '8900', 'Ieper', 5),
(1140, '8900', 'Sint-Jan', 5),
(1141, '8902', 'Hollebeke', 5),
(1142, '8902', 'Voormezele', 5),
(1143, '8902', 'Zillebeke', 5),
(1144, '8904', 'Boezinge', 5),
(1145, '8904', 'Zuidschote', 5),
(1146, '8906', 'Elverdinge', 5),
(1147, '8908', 'Vlamertinge', 5),
(1148, '8920', 'Bikschote', 5),
(1149, '8920', 'Langemark', 5),
(1150, '8920', 'Langemark-Poelkapelle', 5),
(1151, '8920', 'Poelkapelle', 5),
(1152, '8930', 'Lauwe', 5),
(1153, '8930', 'Menen', 5),
(1154, '8930', 'Rekkem', 5),
(1155, '8940', 'Geluwe', 5),
(1156, '8940', 'Wervik', 5),
(1157, '8950', 'Heuvelland', 5),
(1158, '8950', 'Nieuwkerke', 5),
(1159, '8951', 'Dranouter', 5),
(1160, '8952', 'Wulvergem', 5),
(1161, '8953', 'Wijtschate', 5),
(1162, '8954', 'Westouter', 5),
(1163, '8956', 'Kemmel', 5),
(1164, '8958', 'Loker', 5),
(1165, '8957', 'Mesen/Messines', 5),
(1166, '8970', 'Poperinge', 5),
(1167, '8970', 'Reningelst', 5),
(1168, '8972', 'Krombeke', 5),
(1169, '8972', 'Proven', 5),
(1170, '8972', 'Roesbrugge-Haringe', 5),
(1171, '8978', 'Watou', 5),
(1172, '8980', 'Beselare', 5),
(1173, '8980', 'Geluveld', 5),
(1174, '8980', 'Passendale', 5),
(1175, '8980', 'Zandvoorde (Zonnebeke)', 5),
(1176, '8980', 'Zonnebeke', 5),
(1178, '6000', 'Charleroi', 6),
(1179, '6001', 'Marcinelle', 6),
(1180, '6010', 'Couillet', 6),
(1181, '6020', 'Dampremy', 6),
(1182, '6030', 'Goutroux', 6),
(1183, '6030', 'Marchienne-au-Pont', 6),
(1184, '6031', 'Monceau-sur-Sambre', 6),
(1185, '6032', 'Mont-sur-Marchienne', 6),
(1186, '6040', 'Jumet', 6),
(1187, '6041', 'Gosselies', 6),
(1188, '6042', 'Lodelinsart', 6),
(1189, '6043', 'Ransart', 6),
(1190, '6044', 'Roux', 6),
(1191, '6060', 'Gilly', 6),
(1192, '6061', 'Montignies-sur-Sambre', 6),
(1193, '6110', 'Montigny-le-Tilleul', 6),
(1194, '6111', 'Landelies', 6),
(1195, '6120', 'Cour-sur-Heure', 6),
(1196, '6120', 'Ham-sur-Heure', 6),
(1197, '6120', 'Ham-sur-Heure-Nalinnes', 6),
(1198, '6120', 'Jamioulx', 6),
(1199, '6120', 'Marbaix (Ht.)', 6),
(1200, '6120', 'Nalinnes', 6),
(1201, '6140', 'Fontaine-l&#039;Evêque', 6),
(1202, '6141', 'Forchies-la-Marche', 6),
(1203, '6142', 'Leernes', 6),
(1204, '6150', 'Anderlues', 6),
(1205, '6180', 'Courcelles', 6),
(1206, '6181', 'Gouy-lez-Piéton', 6),
(1207, '6182', 'Souvret', 6),
(1208, '6183', 'Trazegnies', 6),
(1209, '6200', 'Bouffioulx', 6),
(1210, '6200', 'Châtelet', 6),
(1211, '6200', 'Châtelineau', 6),
(1212, '6210', 'Frasnes-lez-Gosselies', 6),
(1213, '6210', 'Les Bons Villers', 6),
(1214, '6210', 'Rèves', 6),
(1215, '6210', 'Villers-Perwin', 6),
(1216, '6210', 'Wayaux', 6),
(1217, '6211', 'Mellet', 6),
(1218, '6220', 'Fleurus', 6),
(1219, '6220', 'Heppignies', 6),
(1220, '6220', 'Lambusart', 6),
(1221, '6220', 'Wangenies', 6),
(1222, '6221', 'Saint-Amand', 6),
(1223, '6222', 'Brye', 6),
(1224, '6223', 'Wagnelée', 6),
(1225, '6224', 'Wanfercée-Baulet', 6),
(1226, '6230', 'Buzet', 6),
(1227, '6230', 'Obaix', 6),
(1228, '6230', 'Pont-à-Celles', 6),
(1229, '6230', 'Thiméon', 6),
(1230, '6230', 'Viesville', 6),
(1231, '6238', 'Liberchies', 6),
(1232, '6238', 'Luttre', 6),
(1233, '6240', 'Farciennes', 6),
(1234, '6240', 'Pironchamps', 6),
(1235, '6250', 'Aiseau', 6),
(1236, '6250', 'Aiseau-Presles', 6),
(1237, '6250', 'Pont-de-Loup', 6),
(1238, '6250', 'Presles', 6),
(1239, '6250', 'Roselies', 6),
(1240, '6280', 'Acoz', 6),
(1241, '6280', 'Gerpinnes', 6),
(1242, '6280', 'Gougnies', 6),
(1243, '6280', 'Joncret', 6),
(1244, '6280', 'Loverval', 6),
(1245, '6280', 'Villers-Poterie', 6),
(1246, '6440', 'Boussu-lez-Walcourt', 6),
(1247, '6440', 'Fourbechies', 6),
(1248, '6440', 'Froidchapelle', 6),
(1249, '6440', 'Vergnies', 6),
(1250, '6441', 'Erpion', 6),
(1251, '6460', 'Bailièvre', 6),
(1252, '6460', 'Chimay', 6),
(1253, '6460', 'Robechies', 6),
(1254, '6460', 'Saint-Remy (Ht.)', 6),
(1255, '6460', 'Salles', 6),
(1256, '6460', 'Villers-la-Tour', 6),
(1257, '6461', 'Virelles', 6),
(1258, '6462', 'Vaulx-lez-Chimay', 6),
(1259, '6463', 'Lompret', 6),
(1260, '6464', 'Baileux', 6),
(1261, '6464', 'Bourlers', 6),
(1262, '6464', 'Forges', 6),
(1263, '6464', 'l&#039;Escaillère', 6),
(1264, '6464', 'Rièzes', 6),
(1265, '6470', 'Grandrieu', 6),
(1266, '6470', 'Montbliart', 6),
(1267, '6470', 'Rance', 6),
(1268, '6470', 'Sautin', 6),
(1269, '6470', 'Sivry', 6),
(1270, '6470', 'Sivry-Rance', 6),
(1271, '6500', 'Barbençon', 6),
(1272, '6500', 'Beaumont', 6),
(1273, '6500', 'Leugnies', 6),
(1274, '6500', 'Leval-Chaudeville', 6),
(1275, '6500', 'Renlies', 6),
(1276, '6500', 'Solre-Saint-Géry', 6),
(1277, '6500', 'Thirimont', 6),
(1278, '6511', 'Strée (Ht.)', 6),
(1279, '6530', 'Leers-et-Fosteau', 6),
(1280, '6530', 'Thuin', 6),
(1281, '6531', 'Biesme-sous-Thuin', 6),
(1282, '6532', 'Ragnies', 6),
(1283, '6533', 'Biercée', 6),
(1284, '6534', 'Gozée', 6),
(1285, '6536', 'Donstiennes', 6),
(1286, '6536', 'Thuillies', 6),
(1287, '6540', 'Lobbes', 6),
(1288, '6540', 'Mont-Sainte-Geneviève', 6),
(1289, '6542', 'Sars-la-Buissière', 6),
(1290, '6543', 'Bienne-lez-Happart', 6),
(1291, '6560', 'Bersillies-l&#039;Abbaye', 6),
(1292, '6560', 'Erquelinnes', 6),
(1293, '6560', 'Grand-Reng', 6),
(1294, '6560', 'Hantes-Wihéries', 6),
(1295, '6560', 'Montignies-Saint-Christophe', 6),
(1296, '6560', 'Solre-sur-Sambre', 6),
(1297, '6567', 'Fontaine-Valmont', 6),
(1298, '6567', 'Labuissière', 6),
(1299, '6567', 'Merbes-le-Château', 6),
(1300, '6567', 'Merbes-Sainte-Marie', 6),
(1301, '6590', 'Momignies', 6),
(1302, '6591', 'Macon', 6),
(1303, '6592', 'Monceau-Imbrechies', 6),
(1304, '6593', 'Macquenoise', 6),
(1305, '6594', 'Beauwelz', 6),
(1306, '6596', 'Forges-Philippe', 6),
(1307, '6596', 'Seloignes', 6),
(1308, '7000', 'Mons', 6),
(1309, '7011', 'Ghlin', 6),
(1310, '7012', 'Flénu', 6),
(1311, '7012', 'Jemappes', 6),
(1312, '7020', 'Maisières', 6),
(1313, '7020', 'Nimy', 6),
(1314, '7021', 'Havré', 6),
(1315, '7022', 'Harmignies', 6),
(1316, '7022', 'Harveng', 6),
(1317, '7022', 'Hyon', 6),
(1318, '7022', 'Mesvin', 6),
(1319, '7022', 'Nouvelles', 6),
(1320, '7024', 'Ciply', 6),
(1321, '7030', 'Saint-Symphorien', 6),
(1322, '7031', 'Villers-Saint-Ghislain', 6),
(1323, '7032', 'Spiennes', 6),
(1324, '7033', 'Cuesmes', 6),
(1325, '7034', 'Obourg', 6),
(1326, '7034', 'Saint-Denis (Ht.)', 6),
(1327, '7040', 'Asquillies', 6),
(1328, '7040', 'Aulnois', 6),
(1329, '7040', 'Blaregnies', 6),
(1330, '7040', 'Bougnies', 6),
(1331, '7040', 'Genly', 6),
(1332, '7040', 'Goegnies-Chaussée', 6),
(1333, '7040', 'Quévy', 6),
(1334, '7040', 'Quévy-le-Grand', 6),
(1335, '7040', 'Quévy-le-Petit', 6),
(1336, '7041', 'Givry', 6),
(1337, '7041', 'Havay', 6),
(1338, '7050', 'Erbaut', 6),
(1339, '7050', 'Erbisoeul', 6),
(1340, '7050', 'Herchies', 6),
(1341, '7050', 'Jurbise', 6),
(1342, '7050', 'Masnuy-Saint-Jean (Jurbise)', 6),
(1343, '7050', 'Masnuy-Saint-Pierre', 6),
(1344, '7060', 'Horrues', 6),
(1345, '7060', 'Soignies', 6),
(1346, '7061', 'Casteau (Soignies)', 6),
(1347, '7061', 'Thieusies', 6),
(1348, '7062', 'Naast', 6),
(1349, '7063', 'Chaussée-Notre-Dame-Louvignies', 6),
(1350, '7063', 'Neufvilles', 6),
(1351, '7070', 'Gottignies', 6),
(1352, '7070', 'Le Roeulx', 6),
(1353, '7070', 'Mignault', 6),
(1354, '7070', 'Thieu', 6),
(1355, '7070', 'Ville-sur-Haine (Le Roeulx)', 6),
(1356, '7080', 'Eugies (Frameries)', 6),
(1357, '7080', 'Frameries', 6),
(1358, '7080', 'La Bouverie', 6),
(1359, '7080', 'Noirchain', 6),
(1360, '7080', 'Sars-la-Bruyère', 6),
(1361, '7090', 'Braine-le-Comte', 6),
(1362, '7090', 'Hennuyères', 6),
(1363, '7090', 'Henripont', 6),
(1364, '7090', 'Petit-Roeulx-lez-Braine', 6),
(1365, '7090', 'Ronquières', 6),
(1366, '7090', 'Steenkerque (Ht.)', 6),
(1367, '7100', 'Haine-Saint-Paul', 6),
(1368, '7100', 'Haine-Saint-Pierre', 6),
(1369, '7100', 'La Louvière', 6),
(1370, '7100', 'Saint-Vaast', 6),
(1371, '7100', 'Trivières', 6),
(1372, '7110', 'Boussoit', 6),
(1373, '7110', 'Houdeng-Aimeries', 6),
(1374, '7110', 'Houdeng-Goegnies', 6),
(1375, '7110', 'Maurage', 6),
(1376, '7110', 'Strépy-Bracquegnies', 6),
(1377, '7120', 'Croix-lez-Rouveroy', 6),
(1378, '7120', 'Estinnes', 6),
(1379, '7120', 'Estinnes-au-Mont', 6),
(1380, '7120', 'Estinnes-au-Val', 6),
(1381, '7120', 'Fauroeulx', 6),
(1382, '7120', 'Haulchin', 6),
(1383, '7120', 'Peissant', 6),
(1384, '7120', 'Rouveroy (Ht.)', 6),
(1385, '7120', 'Vellereille-les-Brayeux', 6),
(1386, '7120', 'Vellereille-le-Sec', 6),
(1387, '7130', 'Battignies', 6),
(1388, '7130', 'Binche', 6),
(1389, '7130', 'Bray', 6),
(1390, '7131', 'Waudrez', 6),
(1391, '7133', 'Buvrinnes', 6),
(1392, '7134', 'Epinois', 6),
(1393, '7134', 'Leval-Trahegnies', 6),
(1394, '7134', 'Péronnes-lez-Binche', 6),
(1395, '7134', 'Ressaix', 6),
(1396, '7140', 'Morlanwelz', 6),
(1397, '7140', 'Morlanwelz-Mariemont', 6),
(1398, '7141', 'Carnières', 6),
(1399, '7141', 'Mont-Sainte-Aldegonde', 6),
(1400, '7160', 'Chapelle-lez-Herlaimont', 6),
(1401, '7160', 'Godarville', 6),
(1402, '7160', 'Piéton', 6),
(1403, '7170', 'Bellecourt', 6),
(1404, '7170', 'Bois-d&#039;Haine', 6),
(1405, '7170', 'Fayt-lez-Manage', 6),
(1406, '7170', 'La Hestre', 6),
(1407, '7170', 'Manage', 6),
(1408, '7180', 'Seneffe', 6),
(1409, '7181', 'Arquennes', 6),
(1410, '7181', 'Familleureux', 6),
(1411, '7181', 'Feluy', 6),
(1412, '7181', 'Petit-Roeulx-lez-Nivelles', 6),
(1413, '7190', 'Ecaussinnes', 6),
(1414, '7190', 'Ecaussinnes-d&#039;Enghien', 6),
(1415, '7190', 'Marche-lez-Ecaussinnes', 6),
(1416, '7191', 'Ecaussinnes-Lalaing', 6),
(1417, '7300', 'Boussu', 6),
(1418, '7301', 'Hornu', 6),
(1419, '7320', 'Bernissart', 6),
(1420, '7321', 'Blaton', 6),
(1421, '7321', 'Harchies', 6),
(1422, '7322', 'Pommeroeul', 6),
(1423, '7322', 'Ville-Pommeroeul', 6),
(1424, '7330', 'Saint-Ghislain', 6),
(1425, '7331', 'Baudour', 6),
(1426, '7332', 'Neufmaison', 6),
(1427, '7332', 'Sirault', 6),
(1428, '7333', 'Tertre', 6),
(1429, '7334', 'Hautrage', 6),
(1430, '7334', 'Villerot', 6),
(1431, '7340', 'Colfontaine', 6),
(1432, '7340', 'Paturages', 6),
(1433, '7340', 'Warquignies', 6),
(1434, '7340', 'Wasmes', 6),
(1435, '7350', 'Hainin', 6),
(1436, '7350', 'Hensies', 6),
(1437, '7350', 'Montroeul-sur-Haine', 6),
(1438, '7350', 'Thulin', 6),
(1439, '7370', 'Blaugies', 6),
(1440, '7370', 'Dour', 6),
(1441, '7370', 'Elouges', 6),
(1442, '7370', 'Wihéries', 6),
(1443, '7380', 'Baisieux', 6),
(1444, '7380', 'Quiévrain', 6),
(1445, '7382', 'Audregnies', 6),
(1446, '7387', 'Angre', 6),
(1447, '7387', 'Angreau', 6),
(1448, '7387', 'Athis', 6),
(1449, '7387', 'Autreppe', 6),
(1450, '7387', 'Erquennes', 6),
(1451, '7387', 'Fayt-le-Franc', 6),
(1452, '7387', 'Honnelles', 6),
(1453, '7387', 'Marchipont', 6),
(1454, '7387', 'Montignies-sur-Roc', 6),
(1455, '7387', 'Onnezies', 6),
(1456, '7387', 'Roisin', 6),
(1457, '7390', 'Quaregnon', 6),
(1458, '7390', 'Wasmuel', 6),
(1459, '7500', 'Ere', 6),
(1460, '7500', 'Saint-Maur', 6),
(1461, '7500', 'Tournai', 6),
(1462, '7501', 'Orcq', 6),
(1463, '7502', 'Esplechin', 6),
(1464, '7503', 'Froyennes', 6),
(1465, '7504', 'Froidmont', 6),
(1466, '7506', 'Willemeau', 6),
(1467, '7520', 'Ramegnies-Chin', 6),
(1468, '7520', 'Templeuve', 6),
(1469, '7521', 'Chercq', 6),
(1470, '7522', 'Blandain', 6),
(1471, '7522', 'Hertain', 6),
(1472, '7522', 'Lamain', 6),
(1473, '7522', 'Marquain', 6),
(1474, '7530', 'Gaurain-Ramecroix', 6),
(1475, '7531', 'Havinnes', 6),
(1476, '7532', 'Beclers', 6),
(1477, '7533', 'Thimougies', 6),
(1478, '7534', 'Barry', 6),
(1479, '7534', 'Maulde', 6),
(1480, '7536', 'Vaulx', 6),
(1481, '7538', 'Vezon', 6),
(1482, '7540', 'Kain', 6),
(1483, '7540', 'Melles', 6),
(1484, '7540', 'Quartes', 6),
(1485, '7540', 'Rumillies', 6),
(1486, '7542', 'Mont-Saint-Aubert', 6),
(1487, '7543', 'Mourcourt', 6),
(1488, '7548', 'Warchin', 6),
(1489, '7600', 'Péruwelz', 6),
(1490, '7601', 'Roucourt', 6),
(1491, '7602', 'Bury', 6),
(1492, '7603', 'Bon-Secours', 6),
(1493, '7604', 'Baugnies', 6),
(1494, '7604', 'Braffe', 6),
(1495, '7604', 'Brasmenil', 6),
(1496, '7604', 'Callenelle', 6),
(1497, '7604', 'Wasmes-Audemez-Briffoeil', 6),
(1498, '7608', 'Wiers', 6),
(1499, '7610', 'Rumes', 6),
(1500, '7611', 'La Glanerie', 6),
(1501, '7618', 'Taintignies', 6),
(1502, '7620', 'Bléharies', 6),
(1503, '7620', 'Brunehaut', 6),
(1504, '7620', 'Guignies', 6),
(1505, '7620', 'Hollain', 6),
(1506, '7620', 'Jollain-Merlin', 6),
(1507, '7620', 'Wez-Velvain', 6),
(1508, '7621', 'Lesdain', 6),
(1509, '7622', 'Laplaigne', 6),
(1510, '7623', 'Rongy', 6),
(1511, '7624', 'Howardries', 6),
(1512, '7640', 'Antoing', 6),
(1513, '7640', 'Maubray', 6),
(1514, '7640', 'Péronnes-lez-Antoing', 6),
(1515, '7641', 'Bruyelle', 6),
(1516, '7642', 'Calonne', 6),
(1517, '7643', 'Fontenoy', 6),
(1518, '7700', 'Luingne', 6),
(1519, '7700', 'Mouscron/Moeskroen', 6),
(1520, '7711', 'Dottignies/Dottenijs', 6),
(1521, '7712', 'Herseaux', 6),
(1522, '7730', 'Bailleul', 6),
(1523, '7730', 'Estaimbourg', 6),
(1524, '7730', 'Estaimpuis', 6),
(1525, '7730', 'Evregnies', 6),
(1526, '7730', 'Leers-Nord', 6),
(1527, '7730', 'Néchin', 6),
(1528, '7730', 'Saint-Léger (Ht.)', 6),
(1529, '7740', 'Pecq', 6),
(1530, '7740', 'Warcoing', 6),
(1531, '7742', 'Hérinnes-lez-Pecq', 6),
(1532, '7743', 'Esquelmes', 6),
(1533, '7743', 'Obigies', 6),
(1534, '7750', 'Amougies', 6),
(1535, '7750', 'Anseroeul', 6),
(1536, '7750', 'Mont-de-l&#039;Enclus', 6),
(1537, '7750', 'Orroir', 6),
(1538, '7750', 'Russeignies', 6),
(1539, '7760', 'Celles (Ht.)', 6),
(1540, '7760', 'Escanaffles', 6),
(1541, '7760', 'Molenbaix', 6),
(1542, '7760', 'Popuelles', 6),
(1543, '7760', 'Pottes', 6),
(1544, '7760', 'Velaines', 6),
(1545, '7780', 'Comines/Komen', 6),
(1546, '7780', 'Comines-Warneton/Komen-Waasten', 6),
(1547, '7781', 'Houthem (Comines/Komen)', 6),
(1548, '7782', 'Ploegsteert', 6),
(1549, '7783', 'Bizet', 6),
(1550, '7784', 'Bas-Warneton/Neerwaasten', 6),
(1551, '7784', 'Warneton/Waasten', 6),
(1552, '7800', 'Ath', 6),
(1553, '7800', 'Lanquesaint', 6),
(1554, '7801', 'Irchonwelz', 6),
(1555, '7802', 'Ormeignies', 6),
(1556, '7803', 'Bouvignies', 6),
(1557, '7804', 'Ostiches', 6),
(1558, '7804', 'Rebaix', 6),
(1559, '7810', 'Maffle', 6),
(1560, '7811', 'Arbre (Ht.)', 6),
(1561, '7812', 'Houtaing', 6),
(1562, '7812', 'Ligne', 6),
(1563, '7812', 'Mainvault', 6),
(1564, '7812', 'Moulbaix', 6),
(1565, '7812', 'Villers-Notre-Dame', 6),
(1566, '7812', 'Villers-Saint-Amand', 6),
(1567, '7822', 'Ghislenghien', 6),
(1568, '7822', 'Isières', 6),
(1569, '7822', 'Meslin-l&#039;Evêque', 6),
(1570, '7823', 'Gibecq', 6),
(1571, '7830', 'Bassilly', 6),
(1572, '7830', 'Fouleng', 6),
(1573, '7830', 'Gondregnies', 6),
(1574, '7830', 'Graty', 6),
(1575, '7830', 'Hellebecq', 6),
(1576, '7830', 'Hoves (Ht.)', 6),
(1577, '7830', 'Silly', 6),
(1578, '7830', 'Thoricourt', 6),
(1579, '7850', 'Enghien/Edingen', 6),
(1580, '7850', 'Marcq/Mark', 6),
(1581, '7850', 'Petit-Enghien/Lettelingen', 6),
(1582, '7860', 'Lessines', 6),
(1583, '7861', 'Papignies', 6),
(1584, '7861', 'Wannebecq', 6),
(1585, '7862', 'Ogy', 6),
(1586, '7863', 'Ghoy', 6),
(1587, '7864', 'Deux-Acren', 6),
(1588, '7866', 'Bois-de-Lessines', 6),
(1589, '7866', 'Ollignies', 6),
(1590, '7870', 'Bauffe', 6),
(1591, '7870', 'Cambron-Saint-Vincent', 6),
(1592, '7870', 'Lens', 6),
(1593, '7870', 'Lombise', 6),
(1594, '7870', 'Montignies-lez-Lens', 6),
(1595, '7880', 'Flobecq/Vloesberg', 6),
(1596, '7890', 'Ellezelles', 6),
(1597, '7890', 'Lahamaide', 6),
(1598, '7890', 'Wodecq', 6),
(1599, '7900', 'Grandmetz', 6),
(1600, '7900', 'Leuze-en-Hainaut', 6),
(1601, '7901', 'Thieulain', 6),
(1602, '7903', 'Blicquy', 6),
(1603, '7903', 'Chapelle-à-Oie', 6),
(1604, '7903', 'Chapelle-à-Wattines', 6),
(1605, '7904', 'Pipaix', 6),
(1606, '7904', 'Tourpes', 6),
(1607, '7904', 'Willaupuis', 6),
(1608, '7906', 'Gallaix', 6),
(1609, '7910', 'Anvaing', 6),
(1610, '7910', 'Arc-Ainières', 6),
(1611, '7910', 'Arc-Wattripont', 6),
(1612, '7910', 'Cordes', 6),
(1613, '7910', 'Ellignies-lez-Frasnes', 6),
(1614, '7910', 'Forest (Ht.)', 6),
(1615, '7910', 'Frasnes-lez-Anvaing', 6),
(1616, '7910', 'Wattripont', 6),
(1617, '7911', 'Buissenal', 6),
(1618, '7911', 'Frasnes-lez-Buissenal', 6),
(1619, '7911', 'Hacquegnies', 6),
(1620, '7911', 'Herquegies', 6),
(1621, '7911', 'Montroeul-au-Bois', 6),
(1622, '7911', 'Moustier (Ht.)', 6),
(1623, '7911', 'Oeudeghien', 6),
(1624, '7912', 'Dergneau', 6),
(1625, '7912', 'Saint-Sauveur', 6),
(1626, '7940', 'Brugelette', 6),
(1627, '7940', 'Cambron-Casteau', 6),
(1628, '7941', 'Attre', 6),
(1629, '7942', 'Mévergnies-lez-Lens', 6),
(1630, '7943', 'Gages', 6),
(1631, '7950', 'Chièvres', 6),
(1632, '7950', 'Grosage', 6),
(1633, '7950', 'Huissignies', 6),
(1634, '7950', 'Ladeuze', 6),
(1635, '7950', 'Tongre-Saint-Martin', 6),
(1636, '7951', 'Tongre-Notre-Dame', 6),
(1637, '7970', 'Beloeil', 6),
(1638, '7971', 'Basècles', 6),
(1639, '7971', 'Ramegnies', 6),
(1640, '7971', 'Thumaide', 6),
(1641, '7971', 'Wadelincourt', 6),
(1642, '7972', 'Aubechies', 6),
(1643, '7972', 'Ellignies-Sainte-Anne', 6),
(1644, '7972', 'Quevaucamps', 6),
(1645, '7973', 'Grandglise', 6),
(1646, '7973', 'Stambruges', 6),
(1647, '4000', 'Glain', 7),
(1648, '4000', 'Liège', 7),
(1649, '4000', 'Rocourt', 7),
(1650, '4020', 'Bressoux', 7),
(1651, '4020', 'Jupille-sur-Meuse', 7),
(1652, '4020', 'Liège', 7),
(1653, '4020', 'Wandre', 7),
(1654, '4030', 'Grivegnée', 7),
(1655, '4031', 'Angleur', 7),
(1656, '4032', 'Chênée', 7),
(1657, '4040', 'Herstal', 7),
(1658, '4041', 'Milmort', 7),
(1659, '4041', 'Vottem', 7),
(1660, '4042', 'Liers', 7),
(1661, '4050', 'Chaudfontaine', 7),
(1662, '4051', 'Vaux-sous-Chèvremont', 7),
(1663, '4052', 'Beaufays', 7),
(1664, '4053', 'Embourg', 7),
(1665, '4100', 'Boncelles', 7);
INSERT INTO `cities` (`id`, `code`, `name`, `province`) VALUES
(1666, '4100', 'Seraing', 7),
(1667, '4101', 'Jemeppe-sur-Meuse', 7),
(1668, '4102', 'Ougrée', 7),
(1669, '4120', 'Ehein', 7),
(1670, '4120', 'Neupré', 7),
(1671, '4120', 'Rotheux-Rimière', 7),
(1672, '4121', 'Neuville-en-Condroz', 7),
(1673, '4122', 'Plainevaux', 7),
(1674, '4130', 'Esneux', 7),
(1675, '4130', 'Tilff', 7),
(1676, '4140', 'Dolembreux', 7),
(1677, '4140', 'Gomzé-Andoumont', 7),
(1678, '4140', 'Rouvreux', 7),
(1679, '4140', 'Sprimont', 7),
(1680, '4141', 'Louveigné', 7),
(1681, '4160', 'Anthisnes', 7),
(1682, '4161', 'Villers-aux-Tours', 7),
(1683, '4162', 'Hody', 7),
(1684, '4163', 'Tavier', 7),
(1685, '4170', 'Comblain-au-Pont', 7),
(1686, '4171', 'Poulseur', 7),
(1687, '4180', 'Comblain-Fairon', 7),
(1688, '4180', 'Comblain-la-Tour', 7),
(1689, '4180', 'Hamoir', 7),
(1690, '4181', 'Filot', 7),
(1691, '4190', 'Ferrières', 7),
(1692, '4190', 'My', 7),
(1693, '4190', 'Vieuxville', 7),
(1694, '4190', 'Werbomont', 7),
(1695, '4190', 'Xhoris', 7),
(1696, '4210', 'Burdinne', 7),
(1697, '4210', 'Hannêche', 7),
(1698, '4210', 'Lamontzée', 7),
(1699, '4210', 'Marneffe', 7),
(1700, '4210', 'Oteppe', 7),
(1701, '4217', 'Héron', 7),
(1702, '4217', 'Lavoir', 7),
(1703, '4217', 'Waret-l&#039;Evêque', 7),
(1704, '4218', 'Couthuin', 7),
(1705, '4219', 'Acosse', 7),
(1706, '4219', 'Ambresin', 7),
(1707, '4219', 'Meeffe', 7),
(1708, '4219', 'Wasseiges', 7),
(1709, '4250', 'Boëlhe', 7),
(1710, '4250', 'Geer', 7),
(1711, '4250', 'Hollogne-sur-Geer', 7),
(1712, '4250', 'Lens-Saint-Servais', 7),
(1713, '4252', 'Omal', 7),
(1714, '4253', 'Darion', 7),
(1715, '4254', 'Ligney', 7),
(1716, '4257', 'Berloz', 7),
(1717, '4257', 'Corswarem', 7),
(1718, '4257', 'Rosoux-Crenwick', 7),
(1719, '4260', 'Avennes', 7),
(1720, '4260', 'Braives', 7),
(1721, '4260', 'Ciplet', 7),
(1722, '4260', 'Fallais', 7),
(1723, '4260', 'Fumal', 7),
(1724, '4260', 'Ville-en-Hesbaye', 7),
(1725, '4261', 'Latinne', 7),
(1726, '4263', 'Tourinne, Liege', 7),
(1727, '4280', 'Abolens', 7),
(1728, '4280', 'Avernas-le-Bauduin', 7),
(1729, '4280', 'Avin', 7),
(1730, '4280', 'Bertrée', 7),
(1731, '4280', 'Blehen', 7),
(1732, '4280', 'Cras-Avernas', 7),
(1733, '4280', 'Crehen', 7),
(1734, '4280', 'Grand-Hallet', 7),
(1735, '4280', 'Hannut', 7),
(1736, '4280', 'Lens-Saint-Remy', 7),
(1737, '4280', 'Merdorp', 7),
(1738, '4280', 'Moxhe', 7),
(1739, '4280', 'Petit-Hallet', 7),
(1740, '4280', 'Poucet', 7),
(1741, '4280', 'Thisnes', 7),
(1742, '4280', 'Trognée', 7),
(1743, '4280', 'Villers-le-Peuplier', 7),
(1744, '4280', 'Wansin', 7),
(1745, '4287', 'Lincent', 7),
(1746, '4287', 'Pellaines', 7),
(1747, '4287', 'Racour', 7),
(1748, '4300', 'Bettincourt', 7),
(1749, '4300', 'Bleret', 7),
(1750, '4300', 'Bovenistier', 7),
(1751, '4300', 'Grand-Axhe', 7),
(1752, '4300', 'Lantremange', 7),
(1753, '4300', 'Oleye', 7),
(1754, '4300', 'Waremme', 7),
(1755, '4317', 'Aineffe', 7),
(1756, '4317', 'Borlez', 7),
(1757, '4317', 'Celles, Liege', 7),
(1758, '4317', 'Faimes', 7),
(1759, '4317', 'Les Waleffes', 7),
(1760, '4317', 'Viemme', 7),
(1761, '4340', 'Awans', 7),
(1762, '4340', 'Fooz', 7),
(1763, '4340', 'Othée', 7),
(1764, '4340', 'Villers-l&#039;Evêque', 7),
(1765, '4342', 'Hognoul', 7),
(1766, '4347', 'Fexhe-le-Haut-Clocher', 7),
(1767, '4347', 'Freloux', 7),
(1768, '4347', 'Noville, Liege', 7),
(1769, '4347', 'Roloux', 7),
(1770, '4347', 'Voroux-Goreux', 7),
(1771, '4350', 'Lamine', 7),
(1772, '4350', 'Momalle', 7),
(1773, '4350', 'Pousset', 7),
(1774, '4350', 'Remicourt', 7),
(1775, '4351', 'Hodeige', 7),
(1776, '4357', 'Donceel', 7),
(1777, '4357', 'Haneffe', 7),
(1778, '4357', 'Jeneffe, Liege', 7),
(1779, '4357', 'Limont', 7),
(1780, '4360', 'Bergilers', 7),
(1781, '4360', 'Grandville', 7),
(1782, '4360', 'Lens-sur-Geer', 7),
(1783, '4360', 'Oreye', 7),
(1784, '4360', 'Otrange', 7),
(1785, '4367', 'Crisnée', 7),
(1786, '4367', 'Fize-le-Marsal', 7),
(1787, '4367', 'Kemexhe', 7),
(1788, '4367', 'Odeur', 7),
(1789, '4367', 'Thys', 7),
(1790, '4400', 'Awirs', 7),
(1791, '4400', 'Chokier', 7),
(1792, '4400', 'Flémalle', 7),
(1793, '4400', 'Flémalle-Grande', 7),
(1794, '4400', 'Flémalle-Haute', 7),
(1795, '4400', 'Gleixhe', 7),
(1796, '4400', 'Ivoz-Ramet', 7),
(1797, '4400', 'Mons-lez-Liège', 7),
(1798, '4420', 'Montegnée', 7),
(1799, '4420', 'Saint-Nicolas, Liege', 7),
(1800, '4420', 'Tilleur', 7),
(1801, '4430', 'Ans', 7),
(1802, '4431', 'Loncin', 7),
(1803, '4432', 'Alleur', 7),
(1804, '4432', 'Xhendremael', 7),
(1805, '4450', 'Juprelle', 7),
(1806, '4450', 'Lantin', 7),
(1807, '4450', 'Slins', 7),
(1808, '4451', 'Voroux-lez-Liers', 7),
(1809, '4452', 'Paifve', 7),
(1810, '4452', 'Wihogne', 7),
(1811, '4453', 'Villers-Saint-Siméon', 7),
(1812, '4458', 'Fexhe-Slins', 7),
(1813, '4460', 'Bierset', 7),
(1814, '4460', 'Grâce-Berleur', 7),
(1815, '4460', 'Grâce-Hollogne', 7),
(1816, '4460', 'Hollogne-aux-Pierres', 7),
(1817, '4460', 'Horion-Hozémont', 7),
(1818, '4460', 'Velroux', 7),
(1819, '4470', 'Saint-Georges-sur-Meuse', 7),
(1820, '4480', 'Clermont-sous-Huy', 7),
(1821, '4480', 'Engis', 7),
(1822, '4480', 'Hermalle-sous-Huy', 7),
(1823, '4500', 'Ben-Ahin', 7),
(1824, '4500', 'Huy', 7),
(1825, '4500', 'Tihange', 7),
(1826, '4520', 'Antheit', 7),
(1827, '4520', 'Bas-Oha', 7),
(1828, '4520', 'Huccorgne', 7),
(1829, '4520', 'Moha', 7),
(1830, '4520', 'Vinalmont', 7),
(1831, '4520', 'Wanze', 7),
(1832, '4530', 'Fize-Fontaine', 7),
(1833, '4530', 'Vaux-et-Borset', 7),
(1834, '4530', 'Vieux-Waleffe', 7),
(1835, '4530', 'Villers-le-Bouillet', 7),
(1836, '4530', 'Warnant-Dreye', 7),
(1837, '4537', 'Chapon-Seraing', 7),
(1838, '4537', 'Seraing-le-Château', 7),
(1839, '4537', 'Verlaine', 7),
(1840, '4540', 'Amay', 7),
(1841, '4540', 'Ampsin', 7),
(1842, '4540', 'Flône', 7),
(1843, '4540', 'Jehay', 7),
(1844, '4540', 'Ombret', 7),
(1845, '4550', 'Nandrin', 7),
(1846, '4550', 'Saint-Séverin', 7),
(1847, '4550', 'Villers-le-Temple', 7),
(1848, '4550', 'Yernée-Fraineux', 7),
(1849, '4557', 'Abée', 7),
(1850, '4557', 'Fraiture', 7),
(1851, '4557', 'Ramelot', 7),
(1852, '4557', 'Seny', 7),
(1853, '4557', 'Soheit-Tinlot', 7),
(1854, '4557', 'Tinlot', 7),
(1855, '4560', 'Bois-et-Borsu', 7),
(1856, '4560', 'Clavier', 7),
(1857, '4560', 'Les Avins', 7),
(1858, '4560', 'Ocquier', 7),
(1859, '4560', 'Pailhe', 7),
(1860, '4560', 'Terwagne', 7),
(1861, '4570', 'Marchin', 7),
(1862, '4570', 'Vyle-et-Tharoul', 7),
(1863, '4577', 'Modave', 7),
(1864, '4577', 'Outrelouxhe', 7),
(1865, '4577', 'Strée-lez-Huy', 7),
(1866, '4577', 'Vierset-Barse', 7),
(1867, '4590', 'Ellemelle', 7),
(1868, '4590', 'Ouffet', 7),
(1869, '4590', 'Warzée', 7),
(1870, '4600', 'Lanaye', 7),
(1871, '4600', 'Lixhe', 7),
(1872, '4600', 'Richelle', 7),
(1873, '4600', 'Visé', 7),
(1874, '4601', 'Argenteau', 7),
(1875, '4602', 'Cheratte', 7),
(1876, '4606', 'Saint-André', 7),
(1877, '4607', 'Berneau', 7),
(1878, '4607', 'Bombaye', 7),
(1879, '4607', 'Dalhem', 7),
(1880, '4607', 'Feneur', 7),
(1881, '4607', 'Mortroux', 7),
(1882, '4608', 'Neufchâteau, Liege', 7),
(1883, '4608', 'Warsage', 7),
(1884, '4610', 'Bellaire', 7),
(1885, '4610', 'Beyne-Heusay', 7),
(1886, '4610', 'Queue-du-Bois', 7),
(1887, '4620', 'Fléron', 7),
(1888, '4621', 'Retinne', 7),
(1889, '4623', 'Magnée', 7),
(1890, '4624', 'Romsée', 7),
(1891, '4630', 'Ayeneux', 7),
(1892, '4630', 'Micheroux', 7),
(1893, '4630', 'Soumagne', 7),
(1894, '4630', 'Tignée', 7),
(1895, '4631', 'Evegnée', 7),
(1896, '4632', 'Cérexhe-Heuseux', 7),
(1897, '4633', 'Melen', 7),
(1898, '4650', 'Chaineux', 7),
(1899, '4650', 'Grand-Rechain', 7),
(1900, '4650', 'Herve', 7),
(1901, '4650', 'Julémont', 7),
(1902, '4651', 'Battice', 7),
(1903, '4652', 'Xhendelesse', 7),
(1904, '4653', 'Bolland', 7),
(1905, '4654', 'Charneux', 7),
(1906, '4670', 'Blégny', 7),
(1907, '4670', 'Mortier', 7),
(1908, '4670', 'Trembleur', 7),
(1909, '4671', 'Barchon', 7),
(1910, '4671', 'Housse', 7),
(1911, '4671', 'Saive', 7),
(1912, '4672', 'Saint-Remy, Liege', 7),
(1913, '4680', 'Hermée', 7),
(1914, '4680', 'Oupeye', 7),
(1915, '4681', 'Hermalle-sous-Argenteau', 7),
(1916, '4682', 'Heure-le-Romain', 7),
(1917, '4682', 'Houtain-Saint-Siméon', 7),
(1918, '4683', 'Vivegnis', 7),
(1919, '4684', 'Haccourt', 7),
(1920, '4690', 'Bassenge', 7),
(1921, '4690', 'Boirs', 7),
(1922, '4690', 'Eben-Emael', 7),
(1923, '4690', 'Glons', 7),
(1924, '4690', 'Roclenge-sur-Geer', 7),
(1925, '4690', 'Wonck', 7),
(1926, '4700', 'Eupen', 7),
(1927, '4701', 'Kettenis', 7),
(1928, '4710', 'Lontzen', 7),
(1929, '4711', 'Walhorn', 7),
(1930, '4720', 'Kelmis/La Calamine', 7),
(1931, '4721', 'Neu-Moresnet', 7),
(1932, '4728', 'Hergenrath', 7),
(1933, '4730', 'Hauset', 7),
(1934, '4730', 'Raeren', 7),
(1935, '4731', 'Eynatten', 7),
(1936, '4750', 'Bütgenbach/Butgenbach', 7),
(1937, '4750', 'Elsenborn', 7),
(1938, '4760', 'Büllingen/Bullange', 7),
(1939, '4760', 'Manderfeld', 7),
(1940, '4761', 'Rocherath', 7),
(1941, '4770', 'Amel/Amblève', 7),
(1942, '4770', 'Meyerode', 7),
(1943, '4771', 'Heppenbach', 7),
(1944, '4780', 'Recht', 7),
(1945, '4780', 'Sankt Vith/Saint-Vith', 7),
(1946, '4782', 'Schönberg/Schoenberg', 7),
(1947, '4783', 'Lommersweiler', 7),
(1948, '4784', 'Crombach', 7),
(1949, '4790', 'Burg-Reuland', 7),
(1950, '4790', 'Reuland', 7),
(1951, '4791', 'Thommen', 7),
(1952, '4800', 'Ensival', 7),
(1953, '4800', 'Lambermont', 7),
(1954, '4800', 'Petit-Rechain', 7),
(1955, '4800', 'Verviers', 7),
(1956, '4801', 'Stembert', 7),
(1957, '4802', 'Heusy', 7),
(1958, '4820', 'Dison', 7),
(1959, '4821', 'Andrimont', 7),
(1960, '4830', 'Limbourg', 7),
(1961, '4831', 'Bilstain', 7),
(1962, '4834', 'Goé', 7),
(1963, '4837', 'Baelen, Liege', 7),
(1964, '4837', 'Membach', 7),
(1965, '4840', 'Welkenraedt', 7),
(1966, '4841', 'Henri-Chapelle', 7),
(1967, '4845', 'Jalhay', 7),
(1968, '4845', 'Sart-lez-Spa', 7),
(1969, '4850', 'Montzen', 7),
(1970, '4850', 'Moresnet', 7),
(1971, '4850', 'Plombières', 7),
(1972, '4851', 'Gemmenich', 7),
(1973, '4851', 'Sippenaeken', 7),
(1974, '4852', 'Hombourg', 7),
(1975, '4860', 'Cornesse', 7),
(1976, '4860', 'Pepinster', 7),
(1977, '4860', 'Wegnez', 7),
(1978, '4861', 'Soiron', 7),
(1979, '4870', 'Forêt', 7),
(1980, '4870', 'Fraipont', 7),
(1981, '4870', 'Nessonvaux', 7),
(1982, '4870', 'Trooz', 7),
(1983, '4877', 'Olne', 7),
(1984, '4880', 'Aubel', 7),
(1985, '4890', 'Clermont, Liege', 7),
(1986, '4890', 'Thimister', 7),
(1987, '4890', 'Thimister-Clermont', 7),
(1988, '4900', 'Spa', 7),
(1989, '4910', 'La Reid', 7),
(1990, '4910', 'Polleur', 7),
(1991, '4910', 'Theux', 7),
(1992, '4920', 'Aywaille', 7),
(1993, '4920', 'Ernonheid', 7),
(1994, '4920', 'Harzé', 7),
(1995, '4920', 'Sougné-Remouchamps', 7),
(1996, '4950', 'Faymonville', 7),
(1997, '4950', 'Robertville', 7),
(1998, '4950', 'Sourbrodt', 7),
(1999, '4950', 'Waimes/Weismes', 7),
(2000, '4960', 'Bellevaux-Ligneuville', 7),
(2001, '4960', 'Bevercé', 7),
(2002, '4960', 'Malmedy', 7),
(2003, '4970', 'Francorchamps', 7),
(2004, '4970', 'Stavelot', 7),
(2005, '4980', 'Fosse, Liege', 7),
(2006, '4980', 'Trois-Ponts', 7),
(2007, '4980', 'Wanne', 7),
(2008, '4983', 'Basse-Bodeux', 7),
(2009, '4987', 'Chevron', 7),
(2010, '4987', 'La Gleize', 7),
(2011, '4987', 'Lorcé', 7),
(2012, '4987', 'Rahier', 7),
(2013, '4987', 'Stoumont', 7),
(2014, '4990', 'Arbrefontaine', 7),
(2015, '4990', 'Bra', 7),
(2016, '4990', 'Lierneux', 7),
(2017, '1300', 'Limal', 8),
(2018, '1300', 'Wavre', 8),
(2019, '1301', 'Bierges', 8),
(2020, '1310', 'La Hulpe', 8),
(2021, '1315', 'Glimes', 8),
(2022, '1315', 'Incourt', 8),
(2023, '1315', 'Opprebais', 8),
(2024, '1315', 'Piétrebais', 8),
(2025, '1315', 'Roux-Miroir', 8),
(2026, '1320', 'Beauvechain', 8),
(2027, '1320', 'Hamme-Mille', 8),
(2028, '1320', 'l&#039;Ecluse', 8),
(2029, '1320', 'Nodebais', 8),
(2030, '1320', 'Tourinnes-la-Grosse', 8),
(2031, '1325', 'Bonlez', 8),
(2032, '1325', 'Chaumont-Gistoux', 8),
(2033, '1325', 'Corroy-le-Grand', 8),
(2034, '1325', 'Dion-Valmont', 8),
(2035, '1325', 'Longueville', 8),
(2036, '1330', 'Rixensart', 8),
(2037, '1331', 'Rosières', 8),
(2038, '1332', 'Genval', 8),
(2039, '1340', 'Ottignies', 8),
(2040, '1340', 'Ottignies-Louvain-la-Neuve', 8),
(2041, '1341', 'Céroux-Mousty', 8),
(2042, '1342', 'Limelette', 8),
(2043, '1348', 'Louvain-la-Neuve', 8),
(2044, '1350', 'Enines', 8),
(2045, '1350', 'Folx-les-Caves', 8),
(2046, '1350', 'Jandrain-Jandrenouille', 8),
(2047, '1350', 'Jauche', 8),
(2048, '1350', 'Marilles', 8),
(2049, '1350', 'Noduwez', 8),
(2050, '1350', 'Orp-Jauche', 8),
(2051, '1350', 'Orp-le-Grand', 8),
(2052, '1357', 'Hélécine', 8),
(2053, '1357', 'Linsmeau', 8),
(2054, '1357', 'Neerheylissem', 8),
(2055, '1357', 'Opheylissem', 8),
(2056, '1360', 'Malèves-Sainte-Marie-Wastines', 8),
(2057, '1360', 'Orbais', 8),
(2058, '1360', 'Perwez', 8),
(2059, '1360', 'Thorembais-les-Béguines', 8),
(2060, '1360', 'Thorembais-Saint-Trond', 8),
(2061, '1367', 'Autre-Eglise', 8),
(2062, '1367', 'Bomal (Br.W.)', 8),
(2063, '1367', 'Geest-Gérompont-Petit-Rosière', 8),
(2064, '1367', 'Gérompont', 8),
(2065, '1367', 'Grand-Rosière-Hottomont', 8),
(2066, '1367', 'Huppaye', 8),
(2067, '1367', 'Mont-Saint-André', 8),
(2068, '1367', 'Ramillies-Offus', 8),
(2069, '1370', 'Dongelberg', 8),
(2070, '1370', 'Jauchelette', 8),
(2071, '1370', 'Jodoigne', 8),
(2072, '1370', 'Jodoigne-Souveraine', 8),
(2073, '1370', 'Lathuy', 8),
(2074, '1370', 'Mélin', 8),
(2075, '1370', 'Piétrain', 8),
(2076, '1370', 'Saint-Jean-Geest', 8),
(2077, '1370', 'Saint-Remy-Geest', 8),
(2078, '1370', 'Zétrud-Lumay', 8),
(2079, '1380', 'Couture-Saint-Germain', 8),
(2080, '1380', 'Lasne', 8),
(2081, '1380', 'Lasne-Chapelle-Saint-Lambert', 8),
(2082, '1380', 'Maransart', 8),
(2083, '1380', 'Ohain', 8),
(2084, '1380', 'Plancenoit', 8),
(2085, '1390', 'Archennes', 8),
(2086, '1390', 'Biez', 8),
(2087, '1390', 'Bossut-Gottechain', 8),
(2088, '1390', 'Grez-Doiceau', 8),
(2089, '1390', 'Nethen', 8),
(2090, '1400', 'Monstreux', 8),
(2091, '1400', 'Nivelles', 8),
(2092, '1401', 'Baulers', 8),
(2093, '1402', 'Thines', 8),
(2094, '1404', 'Bornival', 8),
(2095, '1410', 'Waterloo', 8),
(2096, '1420', 'Braine-l&#039;Alleud', 8),
(2097, '1421', 'Ophain-Bois-Seigneur-Isaac', 8),
(2098, '1428', 'Lillois-Witterzée', 8),
(2099, '1430', 'Bierghes', 8),
(2100, '1430', 'Quenast', 8),
(2101, '1430', 'Rebecq', 8),
(2102, '1430', 'Rebecq-Rognon', 8),
(2103, '1435', 'Corbais', 8),
(2104, '1435', 'Hévillers', 8),
(2105, '1435', 'Mont-Saint-Guibert', 8),
(2106, '1440', 'Braine-le-Château', 8),
(2107, '1440', 'Wauthier-Braine', 8),
(2108, '1450', 'Chastre', 8),
(2109, '1450', 'Chastre-Villeroux-Blanmont', 8),
(2110, '1450', 'Cortil-Noirmont', 8),
(2111, '1450', 'Gentinnes', 8),
(2112, '1450', 'Saint-Géry', 8),
(2113, '1457', 'Nil-Saint-Vincent-Saint-Martin', 8),
(2114, '1457', 'Tourinnes-Saint-Lambert', 8),
(2115, '1457', 'Walhain', 8),
(2116, '1457', 'Walhain-Saint-Paul', 8),
(2117, '1460', 'Ittre', 8),
(2118, '1460', 'Virginal-Samme', 8),
(2119, '1461', 'Haut-Ittre', 8),
(2120, '1470', 'Baisy-Thy', 8),
(2121, '1470', 'Bousval', 8),
(2122, '1470', 'Genappe', 8),
(2123, '1471', 'Loupoigne', 8),
(2124, '1472', 'Vieux-Genappe', 8),
(2125, '1473', 'Glabais', 8),
(2126, '1474', 'Ways', 8),
(2127, '1476', 'Houtain-le-Val', 8),
(2128, '1480', 'Clabecq', 8),
(2129, '1480', 'Oisquercq', 8),
(2130, '1480', 'Saintes', 8),
(2131, '1480', 'Tubize', 8),
(2132, '1490', 'Court-Saint-Etienne', 8),
(2133, '1495', 'Marbais (Br.W.)', 8),
(2134, '1495', 'Mellery', 8),
(2135, '1495', 'Sart-Dames-Avelines', 8),
(2136, '1495', 'Tilly', 8),
(2137, '1495', 'Villers-la-Ville', 8),
(2138, '6600', 'Bastogne', 9),
(2139, '6600', 'Longvilly', 9),
(2140, '6600', 'Noville', 9),
(2141, '6600', 'Villers-la-Bonne-Eau', 9),
(2142, '6600', 'Wardin', 9),
(2143, '6630', 'Martelange', 9),
(2144, '6637', 'Fauvillers', 9),
(2145, '6637', 'Hollange', 9),
(2146, '6637', 'Tintange', 9),
(2147, '6640', 'Hompré', 9),
(2148, '6640', 'Morhet', 9),
(2149, '6640', 'Nives', 9),
(2150, '6640', 'Sibret', 9),
(2151, '6640', 'Vaux-lez-Rosières', 9),
(2152, '6640', 'Vaux-sur-Sûre', 9),
(2153, '6642', 'Juseret', 9),
(2154, '6660', 'Houffalize', 9),
(2155, '6660', 'Nadrin', 9),
(2156, '6661', 'Mont', 9),
(2157, '6661', 'Tailles', 9),
(2158, '6662', 'Tavigny', 9),
(2159, '6663', 'Mabompré', 9),
(2160, '6666', 'Wibrin', 9),
(2161, '6670', 'Gouvy', 9),
(2162, '6670', 'Limerlé', 9),
(2163, '6671', 'Bovigny', 9),
(2164, '6672', 'Beho', 9),
(2165, '6673', 'Cherain', 9),
(2166, '6674', 'Montleban', 9),
(2167, '6680', 'Amberloup', 9),
(2168, '6680', 'Sainte-Ode', 9),
(2169, '6680', 'Tillet', 9),
(2170, '6681', 'Lavacherie', 9),
(2171, '6686', 'Flamierge', 9),
(2172, '6687', 'Bertogne', 9),
(2173, '6688', 'Longchamps', 9),
(2174, '6690', 'Bihain', 9),
(2175, '6690', 'Vielsalm', 9),
(2176, '6692', 'Petit-Thier', 9),
(2177, '6698', 'Grand-Halleux', 9),
(2178, '6700', 'Arlon', 9),
(2179, '6700', 'Bonnert', 9),
(2180, '6700', 'Heinsch', 9),
(2181, '6700', 'Toernich', 9),
(2182, '6704', 'Guirsch', 9),
(2183, '6706', 'Autelbas', 9),
(2184, '6717', 'Attert', 9),
(2185, '6717', 'Nobressart', 9),
(2186, '6717', 'Nothomb', 9),
(2187, '6717', 'Thiaumont', 9),
(2188, '6717', 'Tontelange', 9),
(2189, '6720', 'Habay', 9),
(2190, '6720', 'Habay-la-Neuve', 9),
(2191, '6720', 'Hachy', 9),
(2192, '6721', 'Anlier', 9),
(2193, '6723', 'Habay-la-Vieille', 9),
(2194, '6724', 'Houdemont', 9),
(2195, '6724', 'Marbehan', 9),
(2196, '6724', 'Rulles', 9),
(2197, '6730', 'Bellefontaine', 9),
(2198, '6730', 'Rossignol', 9),
(2199, '6730', 'Saint-Vincent', 9),
(2200, '6730', 'Tintigny', 9),
(2201, '6740', 'Etalle', 9),
(2202, '6740', 'Sainte-Marie-sur-Semois', 9),
(2203, '6740', 'Villers-sur-Semois', 9),
(2204, '6741', 'Vance', 9),
(2205, '6742', 'Chantemelle', 9),
(2206, '6743', 'Buzenol', 9),
(2207, '6747', 'Châtillon', 9),
(2208, '6747', 'Meix-le-Tige', 9),
(2209, '6747', 'Saint-Léger', 9),
(2210, '6750', 'Musson', 9),
(2211, '6750', 'Mussy-la-Ville', 9),
(2212, '6750', 'Signeulx', 9),
(2213, '6760', 'Bleid', 9),
(2214, '6760', 'Ethe', 9),
(2215, '6760', 'Ruette', 9),
(2216, '6760', 'Virton', 9),
(2217, '6761', 'Latour', 9),
(2218, '6762', 'Saint-Mard', 9),
(2219, '6767', 'Dampicourt', 9),
(2220, '6767', 'Harnoncourt', 9),
(2221, '6767', 'Lamorteau', 9),
(2222, '6767', 'Rouvroy', 9),
(2223, '6767', 'Torgny', 9),
(2224, '6769', 'Gérouville', 9),
(2225, '6769', 'Meix-devant-Virton', 9),
(2226, '6769', 'Robelmont', 9),
(2227, '6769', 'Sommethonne', 9),
(2228, '6769', 'Villers-la-Loue', 9),
(2229, '6780', 'Hondelange', 9),
(2230, '6780', 'Messancy', 9),
(2231, '6780', 'Wolkrange', 9),
(2232, '6781', 'Sélange', 9),
(2233, '6782', 'Habergy', 9),
(2234, '6790', 'Aubange', 9),
(2235, '6791', 'Athus', 9),
(2236, '6792', 'Halanzy', 9),
(2237, '6792', 'Rachecourt', 9),
(2238, '6800', 'Bras', 9),
(2239, '6800', 'Freux', 9),
(2240, '6800', 'Libramont', 9),
(2241, '6800', 'Libramont-Chevigny', 9),
(2242, '6800', 'Moircy', 9),
(2243, '6800', 'Recogne', 9),
(2244, '6800', 'Remagne', 9),
(2245, '6800', 'Sainte-Marie-Chevigny', 9),
(2246, '6800', 'Saint-Pierre', 9),
(2247, '6810', 'Chiny', 9),
(2248, '6810', 'Izel', 9),
(2249, '6810', 'Jamoigne', 9),
(2250, '6811', 'Les Bulles', 9),
(2251, '6812', 'Suxy', 9),
(2252, '6813', 'Termes', 9),
(2253, '6820', 'Florenville', 9),
(2254, '6820', 'Fontenoille', 9),
(2255, '6820', 'Muno', 9),
(2256, '6820', 'Sainte-Cécile', 9),
(2257, '6821', 'Lacuisine', 9),
(2258, '6823', 'Villers-devant-Orval', 9),
(2259, '6824', 'Chassepierre', 9),
(2260, '6830', 'Bouillon', 9),
(2261, '6830', 'Les Hayons', 9),
(2262, '6830', 'Poupehan', 9),
(2263, '6830', 'Rochehaut', 9),
(2264, '6831', 'Noirefontaine', 9),
(2265, '6832', 'Sensenruth', 9),
(2266, '6833', 'Ucimont', 9),
(2267, '6833', 'Vivy', 9),
(2268, '6834', 'Bellevaux', 9),
(2269, '6836', 'Dohan', 9),
(2270, '6838', 'Corbion', 9),
(2271, '6840', 'Grandvoir', 9),
(2272, '6840', 'Grapfontaine', 9),
(2273, '6840', 'Hamipré', 9),
(2274, '6840', 'Longlier', 9),
(2275, '6840', 'Neufchâteau', 9),
(2276, '6840', 'Tournay', 9),
(2277, '6850', 'Carlsbourg', 9),
(2278, '6850', 'Offagne', 9),
(2279, '6850', 'Paliseul', 9),
(2280, '6851', 'Nollevaux', 9),
(2281, '6852', 'Maissin', 9),
(2282, '6852', 'Opont', 9),
(2283, '6853', 'Framont', 9),
(2284, '6856', 'Fays-les-Veneurs', 9),
(2285, '6860', 'Assenois', 9),
(2286, '6860', 'Ebly', 9),
(2287, '6860', 'Léglise', 9),
(2288, '6860', 'Mellier', 9),
(2289, '6860', 'Witry', 9),
(2290, '6870', 'Arville', 9),
(2291, '6870', 'Awenne', 9),
(2292, '6870', 'Hatrival', 9),
(2293, '6870', 'Mirwart', 9),
(2294, '6870', 'Saint-Hubert', 9),
(2295, '6870', 'Vesqueville', 9),
(2296, '6880', 'Auby-sur-Semois', 9),
(2297, '6880', 'Bertrix', 9),
(2298, '6880', 'Cugnon', 9),
(2299, '6880', 'Jehonville', 9),
(2300, '6880', 'Orgeo', 9),
(2301, '6887', 'Herbeumont', 9),
(2302, '6887', 'Saint-Médard', 9),
(2303, '6887', 'Straimont', 9),
(2304, '6890', 'Anloy', 9),
(2305, '6890', 'Libin', 9),
(2306, '6890', 'Ochamps', 9),
(2307, '6890', 'Redu', 9),
(2308, '6890', 'Smuid', 9),
(2309, '6890', 'Transinne', 9),
(2310, '6890', 'Villance', 9),
(2311, '6900', 'Aye', 9),
(2312, '6900', 'Hargimont', 9),
(2313, '6900', 'Humain', 9),
(2314, '6900', 'Marche-en-Famenne', 9),
(2315, '6900', 'On', 9),
(2316, '6900', 'Roy', 9),
(2317, '6900', 'Waha', 9),
(2318, '6920', 'Sohier', 9),
(2319, '6920', 'Wellin', 9),
(2320, '6921', 'Chanly', 9),
(2321, '6922', 'Halma', 9),
(2322, '6924', 'Lomprez', 9),
(2323, '6927', 'Bure', 9),
(2324, '6927', 'Grupont', 9),
(2325, '6927', 'Resteigne', 9),
(2326, '6927', 'Tellin', 9),
(2327, '6929', 'Daverdisse', 9),
(2328, '6929', 'Gembes', 9),
(2329, '6929', 'Haut-Fays', 9),
(2330, '6929', 'Porcheresse', 9),
(2331, '6940', 'Barvaux-sur-Ourthe', 9),
(2332, '6940', 'Durbuy', 9),
(2333, '6940', 'Grandhan', 9),
(2334, '6940', 'Septon', 9),
(2335, '6940', 'Wéris', 9),
(2336, '6941', 'Bende', 9),
(2337, '6941', 'Bomal-sur-Ourthe', 9),
(2338, '6941', 'Borlon', 9),
(2339, '6941', 'Heyd', 9),
(2340, '6941', 'Izier', 9),
(2341, '6941', 'Tohogne', 9),
(2342, '6941', 'Villers-Sainte-Gertrude', 9),
(2343, '6950', 'Harsin', 9),
(2344, '6950', 'Nassogne', 9),
(2345, '6951', 'Bande', 9),
(2346, '6952', 'Grune', 9),
(2347, '6953', 'Ambly', 9),
(2348, '6953', 'Forrières', 9),
(2349, '6953', 'Lesterny', 9),
(2350, '6953', 'Masbourg', 9),
(2351, '6960', 'Dochamps', 9),
(2352, '6960', 'Grandmenil', 9),
(2353, '6960', 'Harre', 9),
(2354, '6960', 'Malempré', 9),
(2355, '6960', 'Manhay', 9),
(2356, '6960', 'Odeigne', 9),
(2357, '6960', 'Vaux-Chavanne', 9),
(2358, '6970', 'Tenneville', 9),
(2359, '6971', 'Champlon', 9),
(2360, '6972', 'Erneuville', 9),
(2361, '6980', 'Beausaint', 9),
(2362, '6980', 'La-Roche-en-Ardenne', 9),
(2363, '6982', 'Samrée', 9),
(2364, '6983', 'Ortho', 9),
(2365, '6984', 'Hives', 9),
(2366, '6986', 'Halleux', 9),
(2367, '6987', 'Beffe', 9),
(2368, '6987', 'Hodister', 9),
(2369, '6987', 'Marcourt', 9),
(2370, '6987', 'Rendeux', 9),
(2371, '6990', 'Fronville', 9),
(2372, '6990', 'Hampteau', 9),
(2373, '6990', 'Hotton', 9),
(2374, '6990', 'Marenne', 9),
(2375, '6997', 'Amonines', 9),
(2376, '6997', 'Erezée', 9),
(2377, '6997', 'Mormont', 9),
(2378, '6997', 'Soy', 9),
(2379, '5000', 'Beez', 10),
(2380, '5000', 'Namur', 10),
(2381, '5001', 'Belgrade', 10),
(2382, '5002', 'Saint-Servais', 10),
(2383, '5003', 'Saint-Marc', 10),
(2384, '5004', 'Bouge', 10),
(2385, '5020', 'Champion', 10),
(2386, '5020', 'Daussoulx', 10),
(2387, '5020', 'Flawinne', 10),
(2388, '5020', 'Malonne', 10),
(2389, '5020', 'Suarlée', 10),
(2390, '5020', 'Temploux', 10),
(2391, '5020', 'Vedrin', 10),
(2392, '5021', 'Boninne', 10),
(2393, '5022', 'Cognelée', 10),
(2394, '5024', 'Gelbressée', 10),
(2395, '5024', 'Marche-les-Dames', 10),
(2396, '5100', 'Dave', 10),
(2397, '5100', 'Jambes', 10),
(2398, '5100', 'Naninne', 10),
(2399, '5100', 'Wépion', 10),
(2400, '5100', 'Wierde', 10),
(2401, '5101', 'Erpent', 10),
(2402, '5101', 'Lives-sur-Meuse', 10),
(2403, '5101', 'Loyers', 10),
(2404, '5030', 'Beuzet', 10),
(2405, '5030', 'Ernage', 10),
(2406, '5030', 'Gembloux', 10),
(2407, '5030', 'Grand-Manil', 10),
(2408, '5030', 'Lonzée', 10),
(2409, '5030', 'Sauvenière', 10),
(2410, '5031', 'Grand-Leez', 10),
(2411, '5032', 'Bossière', 10),
(2412, '5032', 'Bothey', 10),
(2413, '5032', 'Corroy-le-Château', 10),
(2414, '5032', 'Isnes', 10),
(2415, '5032', 'Mazy', 10),
(2416, '5060', 'Arsimont', 10),
(2417, '5060', 'Auvelais', 10),
(2418, '5060', 'Falisolle', 10),
(2419, '5060', 'Keumiée', 10),
(2420, '5060', 'Moignelée', 10),
(2421, '5060', 'Sambreville', 10),
(2422, '5060', 'Tamines', 10),
(2423, '5060', 'Velaine-sur-Sambre', 10),
(2424, '5070', 'Aisemont', 10),
(2425, '5070', 'Fosses-la-Ville', 10),
(2426, '5070', 'Le Roux', 10),
(2427, '5070', 'Sart-Eustache', 10),
(2428, '5070', 'Sart-Saint-Laurent', 10),
(2429, '5070', 'Vitrival', 10),
(2430, '5080', 'Emines', 10),
(2431, '5080', 'La Bruyère', 10),
(2432, '5080', 'Rhisnes', 10),
(2433, '5080', 'Villers-lez-Heest', 10),
(2434, '5080', 'Warisoulx', 10),
(2435, '5081', 'Bovesse', 10),
(2436, '5081', 'Meux', 10),
(2437, '5081', 'Saint-Denis-Bovesse', 10),
(2438, '5140', 'Boignée', 10),
(2439, '5140', 'Ligny', 10),
(2440, '5140', 'Sombreffe', 10),
(2441, '5140', 'Tongrinne', 10),
(2442, '5150', 'Floreffe', 10),
(2443, '5150', 'Floriffoux', 10),
(2444, '5150', 'Franière', 10),
(2445, '5150', 'Soye', 10),
(2446, '5170', 'Arbre', 10),
(2447, '5170', 'Bois-de-Villers', 10),
(2448, '5170', 'Lesve', 10),
(2449, '5170', 'Lustin', 10),
(2450, '5170', 'Profondeville', 10),
(2451, '5170', 'Rivière', 10),
(2452, '5190', 'Balâtre', 10),
(2453, '5190', 'Ham-sur-Sambre', 10),
(2454, '5190', 'Jemeppe-sur-Sambre', 10),
(2455, '5190', 'Mornimont', 10),
(2456, '5190', 'Moustier-sur-Sambre', 10),
(2457, '5190', 'Onoz', 10),
(2458, '5190', 'Saint-Martin', 10),
(2459, '5190', 'Spy', 10),
(2460, '5300', 'Andenne', 10),
(2461, '5300', 'Bonneville', 10),
(2462, '5300', 'Coutisse', 10),
(2463, '5300', 'Landenne', 10),
(2464, '5300', 'Maizeret', 10),
(2465, '5300', 'Namêche', 10),
(2466, '5300', 'Sclayn', 10),
(2467, '5300', 'Seilles', 10),
(2468, '5300', 'Thon', 10),
(2469, '5300', 'Vezin', 10),
(2470, '5310', 'Aische-en-Refail', 10),
(2471, '5310', 'Bolinne', 10),
(2472, '5310', 'Boneffe', 10),
(2473, '5310', 'Branchon', 10),
(2474, '5310', 'Dhuy', 10),
(2475, '5310', 'Eghezée', 10),
(2476, '5310', 'Hanret', 10),
(2477, '5310', 'Leuze', 10),
(2478, '5310', 'Liernu', 10),
(2479, '5310', 'Longchamps', 10),
(2480, '5310', 'Mehaigne', 10),
(2481, '5310', 'Noville-sur-Méhaigne', 10),
(2482, '5310', 'Saint-Germain', 10),
(2483, '5310', 'Taviers', 10),
(2484, '5310', 'Upigny', 10),
(2485, '5310', 'Waret-la-Chaussée', 10),
(2486, '5330', 'Assesse', 10),
(2487, '5330', 'Maillen', 10),
(2488, '5330', 'Sart-Bernard', 10),
(2489, '5332', 'Crupet', 10),
(2490, '5333', 'Sorinne-la-Longue', 10),
(2491, '5334', 'Florée', 10),
(2492, '5336', 'Courrière', 10),
(2493, '5340', 'Faulx-les-Tombes', 10),
(2494, '5340', 'Gesves', 10),
(2495, '5340', 'Haltinne', 10),
(2496, '5340', 'Mozet', 10),
(2497, '5340', 'Sorée', 10),
(2498, '5350', 'Evelette', 10),
(2499, '5350', 'Ohey', 10),
(2500, '5351', 'Haillot', 10),
(2501, '5352', 'Perwez-Haillot', 10),
(2502, '5353', 'Goesnes', 10),
(2503, '5354', 'Jallet', 10),
(2504, '5360', 'Hamois', 10),
(2505, '5360', 'Natoye', 10),
(2506, '5361', 'Mohiville', 10),
(2507, '5361', 'Scy', 10),
(2508, '5362', 'Achet', 10),
(2509, '5363', 'Emptinne', 10),
(2510, '5364', 'Schaltin', 10),
(2511, '5370', 'Barvaux-Condroz', 10),
(2512, '5370', 'Flostoy', 10),
(2513, '5370', 'Havelange', 10),
(2514, '5370', 'Jeneffe', 10),
(2515, '5370', 'Porcheresse', 10),
(2516, '5370', 'Verlée', 10),
(2517, '5372', 'Méan', 10),
(2518, '5374', 'Maffe', 10),
(2519, '5376', 'Miécret', 10),
(2520, '5377', 'Baillonville', 10),
(2521, '5377', 'Bonsin', 10),
(2522, '5377', 'Heure', 10),
(2523, '5377', 'Hogne', 10),
(2524, '5377', 'Nettinne', 10),
(2525, '5377', 'Noiseux', 10),
(2526, '5377', 'Sinsin', 10),
(2527, '5377', 'Somme-Leuze', 10),
(2528, '5377', 'Waillet', 10),
(2529, '5380', 'Bierwart', 10),
(2530, '5380', 'Cortil-Wodon', 10),
(2531, '5380', 'Fernelmont', 10),
(2532, '5380', 'Forville', 10),
(2533, '5380', 'Franc-Waret', 10),
(2534, '5380', 'Hemptinne (Fernelmont)', 10),
(2535, '5380', 'Hingeon', 10),
(2536, '5380', 'Marchovelette', 10),
(2537, '5380', 'Noville-les-Bois', 10),
(2538, '5380', 'Pontillas', 10),
(2539, '5380', 'Tillier', 10),
(2540, '5500', 'Anseremme', 10),
(2541, '5500', 'Bouvignes-sur-Meuse', 10),
(2542, '5500', 'Dinant', 10),
(2543, '5500', 'Dréhance', 10),
(2544, '5500', 'Falmagne', 10),
(2545, '5500', 'Falmignoul', 10),
(2546, '5500', 'Furfooz', 10),
(2547, '5501', 'Lisogne', 10),
(2548, '5502', 'Thynes', 10),
(2549, '5503', 'Sorinnes', 10),
(2550, '5504', 'Foy-Notre-Dame', 10),
(2551, '5520', 'Anthée', 10),
(2552, '5520', 'Onhaye', 10),
(2553, '5521', 'Serville', 10),
(2554, '5522', 'Falaën', 10),
(2555, '5523', 'Sommière', 10),
(2556, '5523', 'Weillen', 10),
(2557, '5524', 'Gerin', 10),
(2558, '5530', 'Dorinne', 10),
(2559, '5530', 'Durnal', 10),
(2560, '5530', 'Evrehailles', 10),
(2561, '5530', 'Godinne', 10),
(2562, '5530', 'Houx', 10),
(2563, '5530', 'Mont', 10),
(2564, '5530', 'Purnode', 10),
(2565, '5530', 'Spontin', 10),
(2566, '5530', 'Yvoir', 10),
(2567, '5537', 'Anhée', 10),
(2568, '5537', 'Annevoie-Rouillon', 10),
(2569, '5537', 'Bioul', 10),
(2570, '5537', 'Denée', 10),
(2571, '5537', 'Haut-le-Wastia', 10),
(2572, '5537', 'Sosoye', 10),
(2573, '5537', 'Warnant', 10),
(2574, '5540', 'Hastière', 10),
(2575, '5540', 'Hastière-Lavaux', 10),
(2576, '5540', 'Hermeton-sur-Meuse', 10),
(2577, '5540', 'Waulsort', 10),
(2578, '5541', 'Hastière-par-Delà', 10),
(2579, '5542', 'Blaimont', 10),
(2580, '5543', 'Heer', 10),
(2581, '5544', 'Agimont', 10),
(2582, '5550', 'Alle', 10),
(2583, '5550', 'Bagimont', 10),
(2584, '5550', 'Bohan', 10),
(2585, '5550', 'Chairière', 10),
(2586, '5550', 'Laforêt', 10),
(2587, '5550', 'Membre', 10),
(2588, '5550', 'Mouzaive', 10),
(2589, '5550', 'Nafraiture', 10),
(2590, '5550', 'Orchimont', 10),
(2591, '5550', 'Pussemange', 10),
(2592, '5550', 'Sugny', 10),
(2593, '5550', 'Vresse-sur-Semois', 10),
(2594, '5555', 'Baillamont', 10),
(2595, '5555', 'Bellefontaine', 10),
(2596, '5555', 'Bièvre', 10),
(2597, '5555', 'Cornimont', 10),
(2598, '5555', 'Graide', 10),
(2599, '5555', 'Gros-Fays', 10),
(2600, '5555', 'Monceau-en-Ardenne', 10),
(2601, '5555', 'Naomé', 10),
(2602, '5555', 'Oizy', 10),
(2603, '5555', 'Petit-Fays', 10),
(2604, '5560', 'Ciergnon', 10),
(2605, '5560', 'Finnevaux', 10),
(2606, '5560', 'Houyet', 10),
(2607, '5560', 'Hulsonniaux', 10),
(2608, '5560', 'Mesnil-Eglise', 10),
(2609, '5560', 'Mesnil-Saint-Blaise', 10),
(2610, '5561', 'Celles', 10),
(2611, '5562', 'Custinne', 10),
(2612, '5563', 'Hour', 10),
(2613, '5564', 'Wanlin', 10),
(2614, '5570', 'Baronville', 10),
(2615, '5570', 'Beauraing', 10),
(2616, '5570', 'Dion', 10),
(2617, '5570', 'Felenne', 10),
(2618, '5570', 'Feschaux', 10),
(2619, '5570', 'Honnay', 10),
(2620, '5570', 'Javingue', 10),
(2621, '5570', 'Vonêche', 10),
(2622, '5570', 'Wancennes', 10),
(2623, '5570', 'Winenne', 10),
(2624, '5571', 'Wiesme', 10),
(2625, '5572', 'Focant', 10),
(2626, '5573', 'Martouzin-Neuville', 10),
(2627, '5574', 'Pondrôme', 10),
(2628, '5576', 'Froidfontaine', 10),
(2629, '5575', 'Bourseigne-Neuve', 10),
(2630, '5575', 'Bourseigne-Vieille', 10),
(2631, '5575', 'Gedinne', 10),
(2632, '5575', 'Houdremont', 10),
(2633, '5575', 'Louette-Saint-Denis', 10),
(2634, '5575', 'Louette-Saint-Pierre', 10),
(2635, '5575', 'Malvoisin', 10),
(2636, '5575', 'Patignies', 10),
(2637, '5575', 'Rienne', 10),
(2638, '5575', 'Sart-Custinne', 10),
(2639, '5575', 'Vencimont', 10),
(2640, '5575', 'Willerzie', 10),
(2641, '5580', 'Ave-et-Auffe', 10),
(2642, '5580', 'Buissonville', 10),
(2643, '5580', 'Eprave', 10),
(2644, '5580', 'Han-sur-Lesse', 10),
(2645, '5580', 'Jemelle', 10),
(2646, '5580', 'Lavaux-Sainte-Anne', 10),
(2647, '5580', 'Lessive', 10),
(2648, '5580', 'Mont-Gauthier', 10),
(2649, '5580', 'Rochefort', 10),
(2650, '5580', 'Villers-sur-Lesse', 10),
(2651, '5580', 'Wavreille', 10),
(2652, '5590', 'Achêne', 10),
(2653, '5590', 'Braibant', 10),
(2654, '5590', 'Chevetogne', 10),
(2655, '5590', 'Ciney', 10),
(2656, '5590', 'Conneux', 10),
(2657, '5590', 'Haversin', 10),
(2658, '5590', 'Leignon', 10),
(2659, '5590', 'Pessoux', 10),
(2660, '5590', 'Serinchamps', 10),
(2661, '5590', 'Sovet', 10),
(2662, '5600', 'Fagnolle', 10),
(2663, '5600', 'Franchimont', 10),
(2664, '5600', 'Jamagne', 10),
(2665, '5600', 'Jamiolle', 10),
(2666, '5600', 'Merlemont', 10),
(2667, '5600', 'Neuville (Philippeville)', 10),
(2668, '5600', 'Omezée', 10),
(2669, '5600', 'Philippeville', 10),
(2670, '5600', 'Roly', 10),
(2671, '5600', 'Romedenne', 10),
(2672, '5600', 'Samart', 10),
(2673, '5600', 'Sart-en-Fagne', 10),
(2674, '5600', 'Sautour', 10),
(2675, '5600', 'Surice', 10),
(2676, '5600', 'Villers-en-Fagne', 10),
(2677, '5600', 'Villers-le-Gambon', 10),
(2678, '5600', 'Vodecée', 10),
(2679, '5620', 'Corenne', 10),
(2680, '5620', 'Flavion', 10),
(2681, '5620', 'Florennes', 10),
(2682, '5620', 'Hemptinne-lez-Florennes', 10),
(2683, '5620', 'Morville', 10),
(2684, '5620', 'Rosée', 10),
(2685, '5620', 'Saint-Aubin', 10),
(2686, '5621', 'Hanzinelle', 10),
(2687, '5621', 'Hanzinne', 10),
(2688, '5621', 'Morialmé', 10),
(2689, '5621', 'Thy-le-Bauduin', 10),
(2690, '5630', 'Cerfontaine', 10),
(2691, '5630', 'Daussois', 10),
(2692, '5630', 'Senzeille', 10),
(2693, '5630', 'Silenrieux', 10),
(2694, '5630', 'Soumoy', 10),
(2695, '5630', 'Villers-Deux-Eglises', 10),
(2696, '5640', 'Biesme', 10),
(2697, '5640', 'Biesmerée', 10),
(2698, '5640', 'Graux', 10),
(2699, '5640', 'Mettet', 10),
(2700, '5640', 'Oret', 10),
(2701, '5640', 'Saint-Gérard', 10),
(2702, '5641', 'Furnaux', 10),
(2703, '5644', 'Ermeton-sur-Biert', 10),
(2704, '5646', 'Stave', 10),
(2705, '5650', 'Castillon', 10),
(2706, '5650', 'Chastrès', 10),
(2707, '5650', 'Clermont', 10),
(2708, '5650', 'Fontenelle', 10),
(2709, '5650', 'Fraire', 10),
(2710, '5650', 'Pry', 10),
(2711, '5650', 'Vogenée', 10),
(2712, '5650', 'Walcourt', 10),
(2713, '5650', 'Yves-Gomezée', 10),
(2714, '5651', 'Berzée', 10),
(2715, '5651', 'Gourdinne', 10),
(2716, '5651', 'Laneffe', 10),
(2717, '5651', 'Rognée', 10),
(2718, '5651', 'Somzée', 10),
(2719, '5651', 'Tarcienne', 10),
(2720, '5651', 'Thy-le-Château', 10),
(2721, '5660', 'Aublain', 10),
(2722, '5660', 'Boussu-en-Fagne', 10),
(2723, '5660', 'Brûly', 10),
(2724, '5660', 'Brûly-de-Pesche', 10),
(2725, '5660', 'Couvin', 10),
(2726, '5660', 'Cul-des-Sarts', 10),
(2727, '5660', 'Dailly', 10),
(2728, '5660', 'Frasnes', 10),
(2729, '5660', 'Gonrieux', 10),
(2730, '5660', 'Mariembourg', 10),
(2731, '5660', 'Pesche', 10),
(2732, '5660', 'Petigny', 10),
(2733, '5660', 'Petite-Chapelle', 10),
(2734, '5660', 'Presgaux', 10),
(2735, '5670', 'Dourbes', 10),
(2736, '5670', 'Le Mesnil', 10),
(2737, '5670', 'Mazée', 10),
(2738, '5670', 'Nismes', 10),
(2739, '5670', 'Oignies-en-Thiérache', 10),
(2740, '5670', 'Olloy-sur-Viroin', 10),
(2741, '5670', 'Treignes', 10),
(2742, '5670', 'Vierves-sur-Viroin', 10),
(2743, '5670', 'Viroinval', 10),
(2744, '5680', 'Doische', 10),
(2745, '5680', 'Gimnée', 10),
(2746, '5680', 'Gochenée', 10),
(2747, '5680', 'Matagne-la-Grande', 10),
(2748, '5680', 'Matagne-la-Petite', 10),
(2749, '5680', 'Niverlée', 10),
(2750, '5680', 'Romerée', 10),
(2751, '5680', 'Soulme', 10),
(2752, '5680', 'Vaucelles', 10),
(2753, '5680', 'Vodelée', 10),
(14275, '1000', 'Brussel', 23),
(14276, '1000', 'Brussel', 23),
(14277, '1000', 'Brussel', 23),
(14278, '1000', 'Brussel', 23),
(14279, '1030', 'Schaarbeek', 23),
(14280, '1040', 'Etterbeek', 23),
(14281, '1050', 'Elsene', 23),
(14282, '1060', 'Sint-Gillis', 23),
(14283, '1070', 'Anderlecht', 23),
(14284, '1080', 'Sint-Jans-Molenbeek', 23),
(14285, '1081', 'Koekelberg', 23),
(14286, '1082', 'Sint-Agatha-Berchem', 23),
(14287, '1083', 'Ganshoren', 23),
(14288, '1090', 'Jette', 23),
(14289, '1140', 'Evere', 23),
(14290, '1150', 'Sint-Pieters-Woluwe', 23),
(14291, '1160', 'Oudergem', 23),
(14292, '1170', 'Watermaal-Bosvoorde', 23),
(14293, '1180', 'Ukkel', 23),
(14294, '1190', 'Vorst', 23),
(14295, '1200', 'Sint-Lambrechts-Woluwe', 23),
(14296, '1210', 'Sint-Joost-ten-Node', 23);

-- --------------------------------------------------------

--
-- Tabelstructuur voor tabel `provinces`
--

CREATE TABLE IF NOT EXISTS `provinces` (
  `id` int(11) NOT NULL AUTO_INCREMENT,
  `name` varchar(45) NOT NULL,
  PRIMARY KEY (`id`)
) ENGINE=InnoDB  DEFAULT CHARSET=utf8 AUTO_INCREMENT=24 ;

--
-- Gegevens worden uitgevoerd voor tabel `provinces`
--

INSERT INTO `provinces` (`id`, `name`) VALUES
(1, 'Antwerpen'),
(2, 'Limburg'),
(3, 'Oost-Vlaanderen'),
(4, 'Vlaams Brabant'),
(5, 'West-Vlaanderen'),
(6, 'Hainaut'),
(7, 'Liége'),
(8, 'Brabant Wallon'),
(9, 'Luxembourg'),
(10, 'Namur'),
(23, 'Brussel');

-- --------------------------------------------------------

--
-- Tabelstructuur voor tabel `reservations`
--

CREATE TABLE IF NOT EXISTS `reservations` (
  `id` int(11) NOT NULL AUTO_INCREMENT,
  `tool_id` int(11) NOT NULL,
  `rentee_id` int(11) NOT NULL,
  `message` varchar(255) NOT NULL,
  `start_date` date NOT NULL,
  `end_date` date NOT NULL,
  `status` varchar(50) NOT NULL,
  PRIMARY KEY (`id`),
  KEY `fk_reservations_tools1_idx` (`tool_id`),
  KEY `fk_reservations_users1_idx` (`rentee_id`)
) ENGINE=InnoDB  DEFAULT CHARSET=utf8 AUTO_INCREMENT=59 ;

--
-- Gegevens worden uitgevoerd voor tabel `reservations`
--

INSERT INTO `reservations` (`id`, `tool_id`, `rentee_id`, `message`, `start_date`, `end_date`, `status`) VALUES
(51, 14, 25, 'Hello, I would like to borrow your pasting table for a couple of days. I really need to give my garden house a paintjob.', '2014-07-18', '2014-08-14', 'pending'),
(52, 29, 25, 'Hi, could I borrow your chainsaw for a couple of days? Thanks', '2014-05-23', '2014-05-28', 'accepted'),
(53, 8, 26, 'Hello, can I rent your lawn mower for a week? It''s very expensive so it must be good!', '2014-06-06', '2014-06-19', 'accepted'),
(54, 18, 26, 'Hey there, I got alot of work to do with my car and I was hoping I could rent your dremel for atleast a month. Kind regards.', '2014-07-10', '2014-08-14', 'accepted'),
(55, 7, 27, 'I hoping to lend your drill for two days. But can you cut the price down? Thanks', '2014-05-28', '2014-05-29', 'accepted'),
(56, 16, 27, 'That paint sprayer looks very handy. Could I borrow it from you for a week? Thanks', '2014-05-24', '2014-06-04', 'accepted'),
(57, 9, 28, 'Can I lend that circular saw from you next in two months? I''m willing to pay whatever you want for it!', '2014-07-11', '2014-07-24', 'pending'),
(58, 13, 28, 'Hi, I really could use that sanding machine to finish my furniture. So I was hoping to lend it from you in July. I''ll only need it a couple of days.', '2014-07-09', '2014-07-17', 'pending');

-- --------------------------------------------------------

--
-- Tabelstructuur voor tabel `tools`
--

CREATE TABLE IF NOT EXISTS `tools` (
  `id` int(11) NOT NULL AUTO_INCREMENT,
  `owner_id` int(11) NOT NULL,
  `name` varchar(45) NOT NULL,
  `description` text NOT NULL,
  `price_day` decimal(10,2) unsigned NOT NULL DEFAULT '0.00',
  `start_date` date NOT NULL,
  `end_date` date NOT NULL,
  PRIMARY KEY (`id`),
  KEY `fk_tools_users_idx` (`owner_id`)
) ENGINE=InnoDB  DEFAULT CHARSET=utf8 AUTO_INCREMENT=33 ;

--
-- Gegevens worden uitgevoerd voor tabel `tools`
--

INSERT INTO `tools` (`id`, `owner_id`, `name`, `description`, `price_day`, `start_date`, `end_date`) VALUES
(7, 25, '18-Volt Drill', '<p><span style="color: #000000; font-family: verdana, arial, helvetica, sans-serif; font-size: 13px; font-style: normal; font-variant: normal; font-weight: normal; letter-spacing: normal; line-height: 19px; orphans: auto; text-align: start; text-indent: 0px; text-transform: none; white-space: normal; widows: auto; word-spacing: 0px; -webkit-text-stroke-width: 0px; background-color: #ffffff; display: inline !important; float: none;">DEWALT&rsquo;s DC970K-2 18-volt packs a big punch in a small package, with a powerful high-performance motor tucked away inside a compact design that improves user comfort, especially when working in tight spaces over long run times. </span></p>\r\n<p><span style="color: #000000; font-family: verdana, arial, helvetica, sans-serif; font-size: 13px; font-style: normal; font-variant: normal; font-weight: normal; letter-spacing: normal; line-height: 19px; orphans: auto; text-align: start; text-indent: 0px; text-transform: none; white-space: normal; widows: auto; word-spacing: 0px; -webkit-text-stroke-width: 0px; background-color: #ffffff; display: inline !important; float: none;">Ideal for drilling and fastening with a variety of materials such as wood, metal, and plastic for applications like framing, cabinet installation, and HVAC work, the DC970K-2 kit is a great foundation for any professional contractor or DIYer&rsquo;s power-tool collection.</span></p>', '5.95', '2014-05-06', '2014-05-29'),
(8, 25, 'Lawn Mower', '<p><span style="color: #333333; font-family: Arial, sans-serif; font-size: 13px; font-style: normal; font-variant: normal; font-weight: normal; letter-spacing: normal; line-height: 18px; orphans: auto; text-align: start; text-indent: 0px; text-transform: none; white-space: normal; widows: auto; word-spacing: 0px; -webkit-text-stroke-width: 0px; background-color: #ffffff; display: inline !important; float: none;">Quattro model Briggs and Stratton PMO ready to go just serviced and sharpened. New oil, Air filter and Plug. Also new cord fitted. Starts first time every time! One lever adjusts all wheels. Can be seen working.<br /></span></p>\r\n<p><span style="color: #333333; font-family: Arial, sans-serif; font-size: 13px; font-style: normal; font-variant: normal; font-weight: normal; letter-spacing: normal; line-height: 18px; orphans: auto; text-align: start; text-indent: 0px; text-transform: none; white-space: normal; widows: auto; word-spacing: 0px; -webkit-text-stroke-width: 0px; background-color: #ffffff; display: inline !important; float: none;">Price is negotiable.</span></p>', '10.50', '2014-05-06', '2015-05-28'),
(9, 25, 'Lightweight Circular Saw', '<p><span style="color: #000000; font-family: verdana, arial, helvetica, sans-serif; font-size: 13px; font-style: normal; font-variant: normal; font-weight: normal; letter-spacing: normal; line-height: 19px; orphans: auto; text-align: start; text-indent: 0px; text-transform: none; white-space: normal; widows: auto; word-spacing: 0px; -webkit-text-stroke-width: 0px; background-color: #ffffff; display: inline !important; float: none;">This lightweight circular saw with electric brake is designed to be one of the lightest and well balanced saw in its class at only 8.8 pounds, with an electric brake that stops the blade after the trigger is released. </span></p>\r\n<p><span style="color: #000000; font-family: verdana, arial, helvetica, sans-serif; font-size: 13px; font-style: normal; font-variant: normal; font-weight: normal; letter-spacing: normal; line-height: 19px; orphans: auto; text-align: start; text-indent: 0px; text-transform: none; white-space: normal; widows: auto; word-spacing: 0px; -webkit-text-stroke-width: 0px; background-color: #ffffff; display: inline !important; float: none;">A ball bearing lower guard provides a durable design &mdash; even against dust contamination for smooth retraction &mdash; along with the high grade stamped aluminum shoe that provides the user with a durable and smooth base for accurate cutting. <br /></span></p>\r\n<p><span style="color: #000000; font-family: verdana, arial, helvetica, sans-serif; font-size: 13px; font-style: normal; font-variant: normal; font-weight: normal; letter-spacing: normal; line-height: 19px; orphans: auto; text-align: start; text-indent: 0px; text-transform: none; white-space: normal; widows: auto; word-spacing: 0px; -webkit-text-stroke-width: 0px; background-color: #ffffff; display: inline !important; float: none;">It''s not in perfect condition but it''s still functional.</span></p>', '5.10', '2014-05-05', '2015-11-12'),
(10, 25, 'Variable Speed Angle Grinder', '<p><span style="color: #111111; font-family: Verdana, Geneva, sans-serif; font-size: 11px; font-style: normal; font-variant: normal; font-weight: 300; letter-spacing: normal; line-height: 18px; orphans: auto; text-align: left; text-indent: 0px; text-transform: none; white-space: normal; widows: auto; word-spacing: 0px; -webkit-text-stroke-width: 0px; background-color: #ffffff; display: inline !important; float: none;">Makita''s 5-Inch SJS Angle Grinder combines 12 AMP variable speed power with comfort and motor-protection features for longer-lasting stone grinding and polishing performance. The 9565CV is engineered with Makita''s innovative Super Joint System (SJS) to protect the gears for longer tool life.</span></p>', '0.00', '2014-05-22', '2014-11-14'),
(11, 25, 'Roto-drill Bosh', '<p>Powerful hammer with fast drilling progress, has been used in a professional environment for the last 4 years. Shows wear and tear and has the bad habit of losing power under heavy force. Because of these reasons I''m offering it for free.</p>', '0.00', '2014-05-14', '2014-09-25'),
(12, 26, 'Pressure Washer', '<p><span style="color: #252525; font-family: sans-serif; font-size: 14px; font-style: normal; font-variant: normal; font-weight: normal; letter-spacing: normal; line-height: 22.399999618530273px; orphans: auto; text-align: start; text-indent: 0px; text-transform: none; white-space: normal; widows: auto; word-spacing: 0px; -webkit-text-stroke-width: 0px; background-color: #ffffff; display: inline !important; float: none;">A</span><span style="color: #252525; font-family: sans-serif; font-size: 14px; font-style: normal; font-variant: normal; font-weight: normal; letter-spacing: normal; line-height: 22.399999618530273px; orphans: auto; text-align: start; text-indent: 0px; text-transform: none; white-space: normal; widows: auto; word-spacing: 0px; -webkit-text-stroke-width: 0px; background-color: #ffffff; display: inline !important; float: none;"> high-pressure mechanical sprayer </span><span style="color: #252525; font-family: sans-serif; font-size: 14px; font-style: normal; font-variant: normal; font-weight: normal; letter-spacing: normal; line-height: 22.399999618530273px; orphans: auto; text-align: start; text-indent: 0px; text-transform: none; white-space: normal; widows: auto; word-spacing: 0px; -webkit-text-stroke-width: 0px; background-color: #ffffff; display: inline !important; float: none;">used to remove loose paint, mold, grime, dust, mud, and dirt from surfaces and objects such as buildings, vehicles and concrete surfaces.<span class="Apple-converted-space"> <br /></span></span></p>', '0.00', '2014-05-21', '2014-10-15'),
(13, 26, 'Festool Schuurmachine', '<ul class="a-vertical a-spacing-none" style="box-sizing: border-box; color: #aaaaaa; padding: 0px; font-family: Arial, sans-serif; font-size: 13px; font-style: normal; font-variant: normal; font-weight: normal; letter-spacing: normal; line-height: 19px; orphans: auto; text-align: start; text-indent: 0px; text-transform: none; white-space: normal; widows: auto; word-spacing: 0px; -webkit-text-stroke-width: 0px; background-color: #ffffff; margin: 0px 0px 0px !important 18px;">\r\n<li style="box-sizing: border-box; list-style: disc; word-wrap: break-word; margin: 0px;"><span class="a-list-item" style="box-sizing: border-box; color: #333333;">Dual-Mode Sanding with a gear-driven, aggressive mode for rapid stock removal or polishing and random orbital mode for fine sanding.</span></li>\r\n<li style="box-sizing: border-box; list-style: disc; word-wrap: break-word; margin: 0px;"><span class="a-list-item" style="box-sizing: border-box; color: #333333;">Jetstream dust extraction design delivers highly efficient dust removal, resulting in cleaner air, better finishes, and longer abrasive and pad life.</span></li>\r\n<li style="box-sizing: border-box; list-style: disc; word-wrap: break-word; margin: 0px;"><span class="a-list-item" style="box-sizing: border-box; color: #333333;">FastFix tool-free backing pad changing system allows the sander to adapt to different surfaces and tasks with appropriate pads.</span></li>\r\n<li style="box-sizing: border-box; list-style: disc; word-wrap: break-word; margin: 0px;"><span class="a-list-item" style="box-sizing: border-box; color: #333333;">Compact Size with a compact form and a 5" pad, the RO 125 delivers performance to even the tightest of places.</span></li>\r\n<li style="box-sizing: border-box; list-style: disc; word-wrap: break-word; margin: 0px;"><span class="a-list-item" style="box-sizing: border-box; color: #333333;">MMC electronic controls deliver soft-start, step-less variable speed control, constant speed under load, and thermal and overload protection.</span></li>\r\n</ul>', '2.50', '2014-05-21', '2014-07-31'),
(14, 26, 'Paste table', '<div class="BVRRReviewTextParagraph BVRRReviewTextFirstParagraph" style="margin: 0px 0px 10px; padding: 0px; border: 0px; font-weight: normal; font-style: normal; vertical-align: baseline; font-family: Arial, Verdana, Helvetica, sans-serif; font-size: 13px; color: #333333; font-variant: normal; letter-spacing: normal; line-height: 18px; orphans: auto; text-align: start; text-indent: 0px; text-transform: none; white-space: normal; widows: auto; word-spacing: 0px; -webkit-text-stroke-width: 0px; background-color: #ffffff;"><span class="BVRRReviewText" style="margin: 0px; padding: 0px; border: 0px; font-weight: inherit; font-style: inherit; vertical-align: baseline; font-family: Arial, Verdana, Helvetica, sans-serif; font-size: 13px; color: inherit; display: block; word-wrap: break-word; zoom: 1;">I didn''t buy this table for papering/plastering. I brought it for university to entertain others in the sport that is beer pong.</span></div>\r\n<div class="BVRRReviewTextParagraph" style="margin: 0px 0px 10px; padding: 0px; border: 0px; font-weight: normal; font-style: normal; vertical-align: baseline; font-family: Arial, Verdana, Helvetica, sans-serif; font-size: 13px; color: #333333; font-variant: normal; letter-spacing: normal; line-height: 18px; orphans: auto; text-align: start; text-indent: 0px; text-transform: none; white-space: normal; widows: auto; word-spacing: 0px; -webkit-text-stroke-width: 0px; background-color: #ffffff;"><span class="BVRRReviewText" style="margin: 0px; padding: 0px; border: 0px; font-weight: inherit; font-style: inherit; vertical-align: baseline; font-family: Arial, Verdana, Helvetica, sans-serif; font-size: 13px; color: inherit; display: block; word-wrap: break-word; zoom: 1;">The table is great at holding 12-16 cups full of liquids. The bounce on the table is quite unique as the ball springs off the fibreboard and into the cups.</span></div>\r\n<div class="BVRRReviewTextParagraph" style="margin: 0px 0px 10px; padding: 0px; border: 0px; font-weight: normal; font-style: normal; vertical-align: baseline; font-family: Arial, Verdana, Helvetica, sans-serif; font-size: 13px; color: #333333; font-variant: normal; letter-spacing: normal; line-height: 18px; orphans: auto; text-align: start; text-indent: 0px; text-transform: none; white-space: normal; widows: auto; word-spacing: 0px; -webkit-text-stroke-width: 0px; background-color: #ffffff;"><span style="color: #333333; font-family: Arial, Verdana, Helvetica, sans-serif; font-size: 13px; font-style: normal; font-variant: normal; font-weight: normal; letter-spacing: normal; line-height: 18px; orphans: auto; text-align: start; text-indent: 0px; text-transform: none; white-space: normal; widows: auto; word-spacing: 0px; -webkit-text-stroke-width: 0px; background-color: #ffffff; display: inline !important; float: none;">I would recommend this table to other beer pong enthusiasts or university students who aim to seek hours of endless fun</span></div>', '0.00', '2014-07-16', '2014-09-30'),
(15, 26, 'Skandia measuring set', '<p>A set with multiple items for measuring and aligning things.</p>', '0.00', '2014-05-21', '2016-05-21'),
(16, 26, 'Fine Sprayer W600', '<p>The W600 WoodPerfect is ideal for spraying wooden surfaces using enamels, varnishes, glazes, lacquers, primers, wood preservatives and oil based products.</p>\r\n<p><br />Compact lightweight tool for small to medium projects such as; fences, decking boards, posts, rails, lattice, skirting boards, furniture, doors, windows, garden sheds &amp; more.&nbsp;</p>\r\n<div>enamels, varnishes, glazes, lacquers, primers, wood preservatives</div>\r\n<div>and oil based products</div>', '0.00', '2014-05-21', '2015-03-11'),
(17, 27, 'Demolition Hammer', '<p>A demolition hammer that convinces by its uncompromising power on tough demolition jobs everywhere in the home and garden. Ambitious DIY enthusiasts appreciate it as a strong helper, whose powerful 1600 W motor drives the chisel with an hammer force of 43 joules.</p>\r\n<p>This extremely robust machine has an SDS tool chuck (hexagon, 30 mm) which enables the chisel to be changed without tools.</p>\r\n<p>The adjustable, ergonomic additional handle of the BT-DH 1600 provides a secure hold. The tool comes with one flat chisel (L = 400 mm, W = 30 mm) and one pointed chisel (L = 400 mm) for immediate use. The demolition hammer is stored neatly and ready-for-use in a practical transport and storage case</p>', '10.00', '2014-05-21', '2014-10-31'),
(18, 27, 'Dremel Platinum', '<p>The Dremel 4000 Platinum Edition is the ultimate Dremel multitool kit. Besides the top of the line Dremel 4000 with EZ Twist Nose Cap you get 6 useful attachments and 128 genuine Dremel accessories all packed in a high quality aluminum tool case. With this supreme kit even the most demanding craftsman will be satisfied.</p>', '5.15', '2014-05-21', '2014-10-15'),
(21, 27, 'Orbital Finish Sander', '<p><span style="color: #333333; font-family: ''Segoe UI'', Candara, ''Bitstream Vera Sans'', ''DejaVu Sans'', ''Trebuchet MS'', Verdana, sans-serif; font-size: 14px; font-style: normal; font-variant: normal; font-weight: normal; letter-spacing: normal; line-height: 19.600000381469727px; orphans: auto; text-align: start; text-indent: 0px; text-transform: none; white-space: normal; widows: auto; word-spacing: 0px; -webkit-text-stroke-width: 0px; background-color: #ffffff; display: inline !important; float: none;">A great all around sander, the DTS 400 is designed for fine sanding small, angular surfaces that are difficult to reach. With a short 5/64" (2 mm) stroke, this sander gives you a super-fine finished surface. </span></p>\r\n<p><span style="color: #333333; font-family: ''Segoe UI'', Candara, ''Bitstream Vera Sans'', ''DejaVu Sans'', ''Trebuchet MS'', Verdana, sans-serif; font-size: 14px; font-style: normal; font-variant: normal; font-weight: normal; letter-spacing: normal; line-height: 19.600000381469727px; orphans: auto; text-align: start; text-indent: 0px; text-transform: none; white-space: normal; widows: auto; word-spacing: 0px; -webkit-text-stroke-width: 0px; background-color: #ffffff; display: inline !important; float: none;">Both compact and light weight (2.4 lbs), the DTS 400 is the ideal sander for working on vertical and overhead surfaces. Step-less variable speed improves working results and the vibration-stop balancing makes your work less tiring.</span></p>', '0.00', '2014-10-16', '2016-04-07'),
(22, 27, 'Air Station Inflator', '<p><span style="color: #777777; font-family: Arial, ''Helvetica Neue'', Helvetica, sans-serif; font-size: 12px; font-style: normal; font-variant: normal; font-weight: normal; letter-spacing: normal; line-height: 15px; orphans: auto; text-align: start; text-indent: 0px; text-transform: none; white-space: normal; widows: auto; word-spacing: 0px; -webkit-text-stroke-width: 0px; background-color: #ffffff; display: inline !important; float: none;">This AirStation provides incredible versatility for a wide range of inflation applications. The lightweight inflator is ideal for car tires, bike tires, sports balls, rafts, matresses and more. </span></p>\r\n<p><span style="color: #777777; font-family: Arial, ''Helvetica Neue'', Helvetica, sans-serif; font-size: 12px; font-style: normal; font-variant: normal; font-weight: normal; letter-spacing: normal; line-height: 15px; orphans: auto; text-align: start; text-indent: 0px; text-transform: none; white-space: normal; widows: auto; word-spacing: 0px; -webkit-text-stroke-width: 0px; background-color: #ffffff; display: inline !important; float: none;">The Airstation is perfect for home, car, boat or recreational use and is AC/DC compatible. This item will quickly become one of your favorite tools around the house.</span></p>', '0.00', '2014-05-23', '2017-05-21'),
(23, 27, 'Jigsaw', '<ul style="margin: 0px 0px 21px; padding: 0px; position: relative; color: #000000; font-family: arial; font-size: 13px; font-style: normal; font-variant: normal; font-weight: normal; letter-spacing: normal; line-height: 18px; orphans: auto; text-align: left; text-indent: 0px; text-transform: none; white-space: normal; widows: auto; word-spacing: 0px; -webkit-text-stroke-width: 0px; background-color: #ffffff;">\r\n<li style="margin: 0px 0px 10px; padding-left: 11px; line-height: 16px; list-style-type: none; background-image: url(''http://www.bosch-do-it.com/gb/media/layout/images/li.jpg''); background-position: 0px 7px; background-repeat: no-repeat no-repeat;">As easy as can be: compact size, low weight and outstanding handling ensure perfect control and optimum user comfort</li>\r\n<li style="margin: 0px 0px 10px; padding-left: 11px; line-height: 16px; list-style-type: none; background-image: url(''http://www.bosch-do-it.com/gb/media/layout/images/li.jpg''); background-position: 0px 7px; background-repeat: no-repeat no-repeat;">Minimal vibration and safe, comfortable work due to Bosch &ldquo;Low Vibration&rdquo; with linear mass balance and ergonomic softgrip</li>\r\n<li style="margin: 0px 0px 10px; padding-left: 11px; line-height: 16px; list-style-type: none; background-image: url(''http://www.bosch-do-it.com/gb/media/layout/images/li.jpg''); background-position: 0px 7px; background-repeat: no-repeat no-repeat;">Powerful 500 W motor and 65 mm cutting depth in wood &ndash; making even hard jobs easy</li>\r\n</ul>', '4.45', '2014-05-22', '2014-10-16'),
(24, 27, 'Multifunction tool', '<p><span style="color: #000000; font-family: Arial, Verdana, sans-serif; font-size: 12px; font-style: normal; font-variant: normal; font-weight: normal; letter-spacing: normal; line-height: 18px; orphans: auto; text-align: start; text-indent: 0px; text-transform: none; white-space: normal; widows: auto; word-spacing: 0px; -webkit-text-stroke-width: 0px; background-color: #ffffff; display: inline !important; float: none;">Wherever you want to do a project, the Multifunction Tool PMF 250 CES from Bosch will help you even in hard-to-reach areas. Where other tools stop working, the many strengths of this powerful all-rounder really come into play. </span></p>\r\n<p><span style="color: #000000; font-family: Arial, Verdana, sans-serif; font-size: 12px; font-style: normal; font-variant: normal; font-weight: normal; letter-spacing: normal; line-height: 18px; orphans: auto; text-align: start; text-indent: 0px; text-transform: none; white-space: normal; widows: auto; word-spacing: 0px; -webkit-text-stroke-width: 0px; background-color: #ffffff; display: inline !important; float: none;">The comprehensive range of accessories gives you endless possibilities for putting your ideas into practice. The additional handle and the tool-free changing function make work even faster and more effective.<span class="Apple-converted-space"> <br /></span></span></p>', '0.00', '2014-05-24', '2015-02-13'),
(25, 28, 'Vapor steam cleaner', '<p><span style="color: #2c2c2c; font-family: ''Helvetica Neue'', Arial, Helvetica, san-serif; font-size: 13px; font-style: normal; font-variant: normal; font-weight: normal; letter-spacing: normal; line-height: 18px; orphans: auto; text-align: left; text-indent: 0px; text-transform: none; white-space: normal; widows: auto; word-spacing: 0px; -webkit-text-stroke-width: 0px; background-color: #ffffff; display: inline !important; float: none;"><span class="Apple-converted-space">&nbsp;</span>It is ideal for applications in tight areas or when maneuverability is a priority. It comes equipped with a 0.5 gallon water tank, a 0.4 gallon chemical tank and a 0.4 gallon stainless steel boiler. The unit heats tap water to 310F, producing a dry vapor-steam with an adjustable pressure of 0-72 PSI and an output temperature of 285F. Perfect for disinfecting, general and spot cleaning, bed bug eradication and much more.</span></p>', '0.00', '2014-05-19', '2015-05-21'),
(26, 28, 'Needlegun scaler', '<p><span style="color: #000000; font-family: Arial, Helvetica, sans-serif; font-size: 14px; font-style: normal; font-variant: normal; font-weight: normal; letter-spacing: normal; line-height: 21px; orphans: auto; text-align: left; text-indent: 0px; text-transform: none; white-space: normal; widows: auto; word-spacing: 0px; -webkit-text-stroke-width: 0px; background-color: #ffffff; display: inline !important; float: none;">The Wel-Bilt Air Needle Scaler features 19 needles delivering 4500 BPM to quickly remove rust, dirt and old paint from metal surfaces. Not related to WELBILT&reg; products of Enodis companies.</span></p>', '6.95', '2014-05-21', '2014-09-26'),
(27, 28, 'Tripod ladder', '<p><span style="color: #000000; font-family: myriad-pro, ''Trebuchet MS'', sans-serif; font-size: 13px; font-style: normal; font-variant: normal; font-weight: normal; letter-spacing: normal; line-height: 14px; orphans: auto; text-align: justify; text-indent: 0px; text-transform: none; white-space: normal; widows: auto; word-spacing: 0px; -webkit-text-stroke-width: 0px; background-color: #ffffff; display: inline !important; float: none;">hese aluminium tripod ladders are used all over Japan by gardeners and nurserymen. Our customers include tree surgeons, topiary specialists, head gardeners, orchard owners, hedging contractors and landscapers, as well as countless keen gardeners who all appreciate the stability and practicality of the tripod design.</span></p>', '0.00', '2014-05-21', '2014-08-20'),
(28, 28, 'Chainsaw', '<p style="margin: 0px; padding: 0px; border: 0px; font-size: 12px; font-family: Arial, Verdana, Helvetica, sans-serif; color: #000000; font-style: normal; font-variant: normal; font-weight: normal; letter-spacing: normal; line-height: 14.399999618530273px; orphans: auto; text-align: left; text-indent: 0px; text-transform: none; white-space: normal; widows: auto; word-spacing: 0px; -webkit-text-stroke-width: 0px;">The exclusive WORX tool-free chain replacement and auto-tensioning system eliminates the headaches faced with most other chainsaws. You don''t need to be a lumberjack to operate a chainsaw.</p>\r\n<p>&nbsp;</p>\r\n<p style="margin: 0px; padding: 0px; border: 0px; font-size: 12px; font-family: Arial, Verdana, Helvetica, sans-serif; color: #000000; font-style: normal; font-variant: normal; font-weight: normal; letter-spacing: normal; line-height: 14.399999618530273px; orphans: auto; text-align: left; text-indent: 0px; text-transform: none; white-space: normal; widows: auto; word-spacing: 0px; -webkit-text-stroke-width: 0px;">The auto-tension system includes a single, oversized knob that secures the bar and chain, and maintains proper tension during operation--automatically. The WORX auto-tensioning system also works to extend bar and chain life by eliminating any chance of over-tightening.</p>', '15.00', '2014-08-14', '2014-11-20'),
(29, 28, 'Jawsaw chainsaw', '<p>This cordless lithium powered JawSaw does a little bit of everything. Need to prune limbs; clear storm debris; or cut kindling for fire wood?</p>\r\n<p>The JawSaw has a unique design that lets you make cuts directly on the ground without kickback or damaging the chain. <span style="color: #666666; font-family: Helvetica, Arial, Verdana, sans-serif; font-size: 13px; font-style: normal; font-variant: normal; font-weight: normal; letter-spacing: normal; line-height: 16.66666603088379px; orphans: auto; text-align: left; text-indent: 0px; text-transform: none; white-space: normal; widows: auto; word-spacing: 0px; -webkit-text-stroke-width: 0px; background-color: #ffffff; display: inline !important; float: none;"><span class="Apple-converted-space"><br /></span></span></p>', '0.00', '2014-05-21', '2014-09-25'),
(30, 28, 'Wheelbarrow', '<p>A plain and simple wheelbarrow. It''s yours for the humble price of 1 euro a day.</p>', '0.99', '2014-05-21', '2014-09-18');

-- --------------------------------------------------------

--
-- Tabelstructuur voor tabel `tools_has_categories`
--

CREATE TABLE IF NOT EXISTS `tools_has_categories` (
  `tools_id` int(11) NOT NULL,
  `categories_id` int(11) NOT NULL,
  PRIMARY KEY (`tools_id`,`categories_id`),
  KEY `fk_tools_has_categories_categories1_idx` (`categories_id`),
  KEY `fk_tools_has_categories_tools1_idx` (`tools_id`)
) ENGINE=InnoDB DEFAULT CHARSET=utf8;

--
-- Gegevens worden uitgevoerd voor tabel `tools_has_categories`
--

INSERT INTO `tools_has_categories` (`tools_id`, `categories_id`) VALUES
(12, 1),
(14, 1),
(22, 1),
(25, 1),
(26, 1),
(30, 1),
(8, 2),
(9, 2),
(10, 2),
(11, 2),
(13, 2),
(17, 2),
(21, 2),
(23, 2),
(24, 2),
(28, 2),
(8, 3),
(27, 3),
(28, 3),
(29, 3),
(30, 3),
(7, 4),
(9, 4),
(14, 4),
(16, 4),
(18, 4),
(22, 4),
(23, 4),
(24, 4),
(26, 4),
(29, 4),
(7, 5),
(10, 5),
(18, 5),
(24, 5),
(15, 6),
(10, 7),
(11, 7),
(13, 7),
(17, 7),
(28, 7);

-- --------------------------------------------------------

--
-- Tabelstructuur voor tabel `users`
--

CREATE TABLE IF NOT EXISTS `users` (
  `id` int(11) NOT NULL AUTO_INCREMENT,
  `firstname` varchar(45) NOT NULL,
  `lastname` varchar(45) NOT NULL,
  `email` varchar(45) NOT NULL,
  `address` varchar(45) NOT NULL,
  `city` int(11) NOT NULL,
  `password` varchar(45) NOT NULL,
  PRIMARY KEY (`id`),
  KEY `fk_users_cities1_idx` (`city`)
) ENGINE=InnoDB  DEFAULT CHARSET=utf8 AUTO_INCREMENT=38 ;

--
-- Gegevens worden uitgevoerd voor tabel `users`
--

INSERT INTO `users` (`id`, `firstname`, `lastname`, `email`, `address`, `city`, `password`) VALUES
(25, 'pieter', 'jan', 'sticman@telenet.be', 'driehoekstraat 15', 113, '$1$Fp4.qa4.$iTqjm/XxbnR8DNs0lZpD51'),
(26, 'dieter', 'janssens', 'dieterjanssens@telenet.be', 'kamelenberg 66', 1, '$1$rO0.Ys4.$St7emDK7XzX2KvLj4e07I1'),
(27, 'tina', 'verschueren', 'tinaverschueren@telenet.be', 'palieterweg 135', 379, '$1$Hd4.Ey1.$dpAeEuwCoplG.OEnGrNMl1'),
(28, 'pol', 'driessens', 'poldriessens@telenet.be', 'veldkant 26', 362, '$1$700.CW2.$CBdW0/tV.o09nBCYRKh9E1');

--
-- Beperkingen voor gedumpte tabellen
--

--
-- Beperkingen voor tabel `cities`
--
ALTER TABLE `cities`
  ADD CONSTRAINT `fk_cities_provinces1` FOREIGN KEY (`province`) REFERENCES `provinces` (`id`) ON DELETE NO ACTION ON UPDATE NO ACTION;

--
-- Beperkingen voor tabel `reservations`
--
ALTER TABLE `reservations`
  ADD CONSTRAINT `fk_reservations_tools1` FOREIGN KEY (`tool_id`) REFERENCES `tools` (`id`) ON DELETE NO ACTION ON UPDATE NO ACTION,
  ADD CONSTRAINT `fk_reservations_users1` FOREIGN KEY (`rentee_id`) REFERENCES `users` (`id`) ON DELETE NO ACTION ON UPDATE NO ACTION;

--
-- Beperkingen voor tabel `tools`
--
ALTER TABLE `tools`
  ADD CONSTRAINT `fk_tools_users` FOREIGN KEY (`owner_id`) REFERENCES `users` (`id`) ON DELETE NO ACTION ON UPDATE NO ACTION;

--
-- Beperkingen voor tabel `tools_has_categories`
--
ALTER TABLE `tools_has_categories`
  ADD CONSTRAINT `fk_tools_has_categories_categories1` FOREIGN KEY (`categories_id`) REFERENCES `categories` (`id`) ON DELETE NO ACTION ON UPDATE NO ACTION,
  ADD CONSTRAINT `fk_tools_has_categories_tools1` FOREIGN KEY (`tools_id`) REFERENCES `tools` (`id`) ON DELETE NO ACTION ON UPDATE NO ACTION;

--
-- Beperkingen voor tabel `users`
--
ALTER TABLE `users`
  ADD CONSTRAINT `fk_users_cities1` FOREIGN KEY (`city`) REFERENCES `cities` (`id`) ON DELETE NO ACTION ON UPDATE NO ACTION;

/*!40101 SET CHARACTER_SET_CLIENT=@OLD_CHARACTER_SET_CLIENT */;
/*!40101 SET CHARACTER_SET_RESULTS=@OLD_CHARACTER_SET_RESULTS */;
/*!40101 SET COLLATION_CONNECTION=@OLD_COLLATION_CONNECTION */;
